checkpoint,probe_kind,n,B_nat_mean,B_nat_std,E_F_T_mean,E_F_T_std,E_F_TQ_mean,E_F_TQ_std,E_TQ_T_mean,E_TQ_T_std,E_pointwise_F_T_mean,E_pointwise_F_T_std,X_sub_mean,X_sub_std,X_use_mean,X_use_std,d_model_mean,d_model_std,d_x_mean,d_x_std,dim_R_nat_mean,dim_R_nat_std,dim_over_nctx_mean,dim_over_nctx_std,max_closure_mean,max_closure_std,max_refinement_mean,max_refinement_std,mean_closure_mean,mean_closure_std,mean_refinement_mean,mean_refinement_std,mse_krr_mean,mse_krr_std,mse_model_mean,mse_model_std,mse_ratio_mean,mse_ratio_std,n_heads_mean,n_heads_std,n_layers_mean,n_layers_std,r_eff_T_task_mean,r_eff_T_task_std,smax_mean,smax_std,sweep_val_mean,sweep_val_std,tau_sv_mean,tau_sv_std,suite_exp,suite_smax
H1,iso,16,45.0,0.0,0.5464410392098393,0.08423726477778906,0.6318381765213406,0.18189597415105824,0.20007541734502687,0.30834199774443055,0.015951267800132306,0.008191873886699558,0.8708372140247576,0.20201873421069946,0.6742191460590286,0.17220186897196077,128.0,0.0,5.0,0.0,4.6875,0.47871355387816905,0.09973404255319149,0.0101853947633653,0.6663316419556119,0.07505638052491795,0.9999778765346631,1.1052034733514974e-05,0.14333676649283555,0.01592829726139174,0.8629257059969279,0.006320911453805571,0.012656668110040101,0.010930022560057531,0.01645084026372117,0.012483484307267503,1.7745728208055522,1.4449670547739446,1.0,0.0,8.0,0.0,5.0,0.0,1.0,0.0,1.0,0.0,0.001,0.0,2a,1
H1,task,16,45.0,0.0,0.015498826476561861,0.0025506823671636787,0.15202335590796912,0.2110326106451912,0.14175824838053663,0.21843912857801015,0.015951267800132306,0.008191873886699558,0.9351711744281613,0.10138488911752218,0.93517328118095,0.10111961076149655,128.0,0.0,5.0,0.0,4.6875,0.47871355387816905,0.09973404255319149,0.0101853947633653,0.6663316419556119,0.07505638052491795,0.9999778765346631,1.1052034733514974e-05,0.14333676649283555,0.01592829726139174,0.8629257059969279,0.006320911453805571,0.012656668110040101,0.010930022560057531,0.01645084026372117,0.012483484307267503,1.7745728208055522,1.4449670547739446,1.0,0.0,8.0,0.0,5.0,0.0,1.0,0.0,1.0,0.0,0.001,0.0,2a,1
H2,iso,16,45.0,0.0,0.2607846029292878,0.07428443379621606,0.38539637660996967,0.20965330136922597,0.19063248609609817,0.29341242203849516,0.009640954953481433,0.005676767556971439,0.8829490839264633,0.1826238943022776,0.8242384138912064,0.17286063532198295,128.0,0.0,5.0,0.0,4.6875,0.47871355387816905,0.09973404255319149,0.0101853947633653,0.7056541393059086,0.03932285273756954,0.999961148989538,2.307203723430245e-05,0.1486734972920799,0.017802785377813404,0.8639787827428089,0.006298933688576199,0.015938400148970737,0.015865173205872066,0.018057393538583887,0.01607327205893093,1.3544119895492237,0.5851371764201394,2.0,0.0,8.0,0.0,5.0,0.0,1.0,0.0,2.0,0.0,0.001,0.0,2a,1
H2,task,16,45.0,0.0,0.009334228782272656,0.0024015441167864987,0.12761515760306305,0.18451564810023335,0.12126841431946714,0.1887539331548686,0.009640954953481433,0.005676767556971439,0.9518926773621952,0.07779006643366015,0.9518175402041139,0.07781752860920874,128.0,0.0,5.0,0.0,4.6875,0.47871355387816905,0.09973404255319149,0.0101853947633653,0.7056541393059086,0.03932285273756954,0.999961148989538,2.307203723430245e-05,0.1486734972920799,0.017802785377813404,0.8639787827428089,0.006298933688576199,0.015938400148970737,0.015865173205872066,0.018057393538583887,0.01607327205893093,1.3544119895492237,0.5851371764201394,2.0,0.0,8.0,0.0,5.0,0.0,1.0,0.0,2.0,0.0,0.001,0.0,2a,1
H8,iso,16,45.0,0.0,0.2720125841777433,0.051813566013006275,0.3454896866725672,0.18615115334353113,0.11807375160337806,0.25410493467591794,0.010369244936375418,0.004518387746898759,0.9255248537199646,0.16076199865527763,0.8614864542249852,0.15821042951106107,128.0,0.0,5.0,0.0,4.8125,0.4031128874149275,0.1023936170212766,0.008576869944998459,0.6582421740405807,0.06120075862678147,0.9999673183435247,2.342623543352382e-05,0.13711605364571516,0.02138027124900209,0.8679454747909457,0.00600020592336512,0.009165728781800922,0.006019594025080068,0.01074237228163186,0.005954737226778496,1.6253934193315427,1.5357144966967298,8.0,0.0,8.0,0.0,5.0,0.0,1.0,0.0,8.0,0.0,0.001,0.0,2a,1
H8,task,16,45.0,0.0,0.009090269182886437,0.002215213128836753,0.07731111505535669,0.14752045880730924,0.0697824569564049,0.151033819430959,0.010369244936375418,0.004518387746898759,0.9737448950025205,0.057852530906883616,0.9736453134903289,0.05789883430823703,128.0,0.0,5.0,0.0,4.8125,0.4031128874149275,0.1023936170212766,0.008576869944998459,0.6582421740405807,0.06120075862678147,0.9999673183435247,2.342623543352382e-05,0.13711605364571516,0.02138027124900209,0.8679454747909457,0.00600020592336512,0.009165728781800922,0.006019594025080068,0.01074237228163186,0.005954737226778496,1.6253934193315427,1.5357144966967298,8.0,0.0,8.0,0.0,5.0,0.0,1.0,0.0,8.0,0.0,0.001,0.0,2a,1
L12,iso,16,91.0,0.0,0.26500298618615303,0.07438832803081405,0.5488183617769228,0.24694827606425612,0.4567913434963329,0.3078411118365556,0.00918455573695948,0.004359062969506582,0.7024984027541871,0.2476951535052448,0.6638228345282415,0.2415001794992399,128.0,0.0,5.0,0.0,4.0625,0.6800735254367721,0.08643617021276596,0.014469649477378135,0.6487709961795212,0.06183188884514775,0.9999905240866753,5.48338663730816e-06,0.1556211609282298,0.04171833137195209,0.9086990672614275,0.0032432340323211547,0.009240878541032182,0.004347645156707016,0.010372666011141209,0.004465490685687344,1.2165074272768641,0.5007514461844469,4.0,0.0,12.0,0.0,5.0,0.0,1.0,0.0,12.0,0.0,0.001,0.0,2a,1
L12,task,16,91.0,0.0,0.00930412023042281,0.002149683522800907,0.3647047135944351,0.23619769473112323,0.363216673854414,0.23963093440208125,0.00918455573695948,0.004359062969506582,0.8142395996572442,0.1552167297850268,0.8141665369242932,0.15518049589913602,128.0,0.0,5.0,0.0,4.0625,0.6800735254367721,0.08643617021276596,0.014469649477378135,0.6487709961795212,0.06183188884514775,0.9999905240866753,5.48338663730816e-06,0.1556211609282298,0.04171833137195209,0.9086990672614275,0.0032432340323211547,0.009240878541032182,0.004347645156707016,0.010372666011141209,0.004465490685687344,1.2165074272768641,0.5007514461844469,4.0,0.0,12.0,0.0,5.0,0.0,1.0,0.0,12.0,0.0,0.001,0.0,2a,1
L2,iso,16,6.0,0.0,1.5261009894762854,0.4299306051042998,1.9077792153817819,0.5889953774357289,0.9870273062858425,0.8108494196576663,0.10387804376466968,0.04649495711528384,-0.5906073858749551,2.897996910406061,-0.30268767145268693,1.2384592611577572,128.0,0.0,5.0,0.0,6.0,0.0,0.1276595744680851,0.0,0.6401480577905078,0.09783387601428759,0.9963493904174704,0.0058327899952454795,0.33361087402663775,0.06337742938662481,0.6099303934022668,0.025375618289316035,0.016275505647053462,0.017324716448286336,0.2822779307688677,0.19477745665287366,29.934848563697493,24.74883345902299,4.0,0.0,2.0,0.0,5.0,0.0,1.0,0.0,2.0,0.0,0.001,0.0,2a,1
L2,task,16,6.0,0.0,0.19447347251380176,0.2000145711154363,0.19591930390905815,0.1998782061742073,0.02047854531712266,0.013583573351525898,0.10387804376466968,0.04649495711528384,0.9994076478082616,0.0008970335764005169,0.9515562242864762,0.1008938092890098,128.0,0.0,5.0,0.0,6.0,0.0,0.1276595744680851,0.0,0.6401480577905078,0.09783387601428759,0.9963493904174704,0.0058327899952454795,0.33361087402663775,0.06337742938662481,0.6099303934022668,0.025375618289316035,0.016275505647053462,0.017324716448286336,0.2822779307688677,0.19477745665287366,29.934848563697493,24.74883345902299,4.0,0.0,2.0,0.0,5.0,0.0,1.0,0.0,2.0,0.0,0.001,0.0,2a,1
L4,iso,16,15.0,0.0,0.4706562030803873,0.12215226555868954,0.47060730978462845,0.1221671771028645,0.0008166379591432668,0.0031968030956682956,0.027170855402517312,0.030300506932832136,0.9999897522742882,4.09859854901889e-05,0.8116771779731953,0.0802696768555318,128.0,0.0,5.0,0.0,5.25,0.6831300510639732,0.11170212765957446,0.014534681937531341,0.6619860134908492,0.060934180865019144,0.9999469892919598,2.4174922602315847e-05,0.21778232361456967,0.02226414572012129,0.7551838430142194,0.013466891035516524,0.011710062680361179,0.009500379844744772,0.05029880279179247,0.11293734761912474,3.8416397068923276,6.031821878842419,4.0,0.0,4.0,0.0,5.0,0.0,1.0,0.0,4.0,0.0,0.001,0.0,2a,1
L4,task,16,15.0,0.0,0.027902640979709514,0.02258899609484876,0.027905226669059174,0.022588642899463073,1.627571573156661e-05,6.323458442216425e-05,0.027170855402517312,0.030300506932832136,0.9999999959864018,1.605077638598343e-08,0.9986511825772388,0.003309777543119927,128.0,0.0,5.0,0.0,5.25,0.6831300510639732,0.11170212765957446,0.014534681937531341,0.6619860134908492,0.060934180865019144,0.9999469892919598,2.4174922602315847e-05,0.21778232361456967,0.02226414572012129,0.7551838430142194,0.013466891035516524,0.011710062680361179,0.009500379844744772,0.05029880279179247,0.11293734761912474,3.8416397068923276,6.031821878842419,4.0,0.0,4.0,0.0,5.0,0.0,1.0,0.0,4.0,0.0,0.001,0.0,2a,1
L6,iso,16,28.0,0.0,0.3443045520180901,0.0963519966814233,0.36606639234239274,0.16575938300587437,0.046367353683708604,0.1854694146442999,0.011087063331848565,0.00727646712336782,0.9656010962294701,0.1375956150821195,0.865228391259917,0.14217574222092588,128.0,0.0,5.0,0.0,4.9375,0.25,0.10505319148936171,0.0053191489361702135,0.6856868054646099,0.061979547549093114,0.9999408778864756,3.885711219401845e-05,0.16781642781739275,0.01816634536390072,0.8262230032712425,0.011386886414183058,0.012752882732199248,0.012209647616808332,0.020210127738426238,0.020086863674944975,6.0115845018113845,18.230854019810348,4.0,0.0,6.0,0.0,5.0,0.0,1.0,0.0,6.0,0.0,0.001,0.0,2a,1
L6,task,16,28.0,0.0,0.012843906389578476,0.004218717674376048,0.039899283517233965,0.11138168296970637,0.028836185514961022,0.11534474205631695,0.011087063331848565,0.00727646712336782,0.9866955904799375,0.05321763808025015,0.986542011648436,0.05321700786296885,128.0,0.0,5.0,0.0,4.9375,0.25,0.10505319148936171,0.0053191489361702135,0.6856868054646099,0.061979547549093114,0.9999408778864756,3.885711219401845e-05,0.16781642781739275,0.01816634536390072,0.8262230032712425,0.011386886414183058,0.012752882732199248,0.012209647616808332,0.020210127738426238,0.020086863674944975,6.0115845018113845,18.230854019810348,4.0,0.0,6.0,0.0,5.0,0.0,1.0,0.0,6.0,0.0,0.001,0.0,2a,1
L8,iso,16,45.0,0.0,0.29707037400716146,0.09567533841468505,0.46358363606477637,0.1944599459473306,0.27554653182655664,0.2887330358506145,0.011391414338171448,0.007374200335220182,0.8459177656816196,0.16796372157272355,0.771995136498987,0.16014264523014143,128.0,0.0,5.0,0.0,4.5,0.5163977794943222,0.09574468085106383,0.010987186797751538,0.6868435562130739,0.056699100688453935,0.9999610423713843,2.761369284169045e-05,0.1552362079886693,0.015108779892151612,0.8633245686676905,0.005787569246725169,0.012313823547966346,0.010858104951629938,0.01677376136750041,0.019058878593325255,1.358201977679538,0.467288511920284,4.0,0.0,8.0,0.0,5.0,0.0,1.0,0.0,8.0,0.0,0.001,0.0,2a,1
L8,task,16,45.0,0.0,0.009723866568848449,0.004252938665760593,0.23128166875284453,0.23266668099493412,0.22618033271090277,0.23739835008232724,0.011391414338171448,0.007374200335220182,0.8960068540120453,0.11410684395527743,0.8957067022463405,0.11438828744101813,128.0,0.0,5.0,0.0,4.5,0.5163977794943222,0.09574468085106383,0.010987186797751538,0.6868435562130739,0.056699100688453935,0.9999610423713843,2.761369284169045e-05,0.1552362079886693,0.015108779892151612,0.8633245686676905,0.005787569246725169,0.012313823547966346,0.010858104951629938,0.01677376136750041,0.019058878593325255,1.358201977679538,0.467288511920284,4.0,0.0,8.0,0.0,5.0,0.0,1.0,0.0,8.0,0.0,0.001,0.0,2a,1
H1,iso,16,90.0,0.0,0.5464410392098393,0.08423726477778906,0.5464410392071597,0.08423726477891508,7.221666972483385e-11,1.1810110300211074e-10,0.015951267800132306,0.008191873886699558,1.0,0.0,0.7669277132349721,0.05828408559540377,128.0,0.0,5.0,0.0,5.0,0.0,0.10638297872340426,0.0,0.41135955855734285,0.06799942524170541,0.9999919131206583,4.7112787824125936e-06,0.0637055730622,0.009508311586724045,0.884250261653323,0.0026378860619366254,0.012656668110040101,0.010930022560057531,0.01645084026372117,0.012483484307267503,1.7745728208055522,1.4449670547739446,1.0,0.0,8.0,0.0,5.0,0.0,2.0,0.0,1.0,0.0,0.001,0.0,2a,2
H1,task,16,90.0,0.0,0.015498826476561861,0.0025506823671636787,0.015498826476638389,0.0025506823672237396,1.5348675243549735e-12,2.221297112081492e-12,0.015951267800132306,0.008191873886699558,1.0,0.0,0.9997529271765311,8.234457959673692e-05,128.0,0.0,5.0,0.0,5.0,0.0,0.10638297872340426,0.0,0.41135955855734285,0.06799942524170541,0.9999919131206583,4.7112787824125936e-06,0.0637055730622,0.009508311586724045,0.884250261653323,0.0026378860619366254,0.012656668110040101,0.010930022560057531,0.01645084026372117,0.012483484307267503,1.7745728208055522,1.4449670547739446,1.0,0.0,8.0,0.0,5.0,0.0,2.0,0.0,1.0,0.0,0.001,0.0,2a,2
H2,iso,16,90.0,0.0,0.2607846029292878,0.07428443379621606,0.26078460294183436,0.07428443380560552,2.1852647514314956e-10,5.79734119577414e-10,0.009640954953481433,0.005676767556971439,1.0,0.0,0.9327632645114646,0.03442581034746544,128.0,0.0,5.0,0.0,5.0,0.0,0.10638297872340426,0.0,0.4687683618272118,0.052386154158030954,0.9999864440414521,4.7227418327171165e-06,0.07045675073524033,0.008237447729917524,0.8840993130040122,0.0026665637971949514,0.015938400148970737,0.015865173205872066,0.018057393538583887,0.01607327205893093,1.3544119895492237,0.5851371764201394,2.0,0.0,8.0,0.0,5.0,0.0,2.0,0.0,2.0,0.0,0.001,0.0,2a,2
H2,task,16,90.0,0.0,0.009334228782272656,0.0024015441167864987,0.009334228782758299,0.0024015441171933837,4.9355407618414045e-12,1.2676449897711955e-11,0.009640954953481433,0.005676767556971439,1.0,0.0,0.9999072540218981,4.727535032077001e-05,128.0,0.0,5.0,0.0,5.0,0.0,0.10638297872340426,0.0,0.4687683618272118,0.052386154158030954,0.9999864440414521,4.7227418327171165e-06,0.07045675073524033,0.008237447729917524,0.8840993130040122,0.0026665637971949514,0.015938400148970737,0.015865173205872066,0.018057393538583887,0.01607327205893093,1.3544119895492237,0.5851371764201394,2.0,0.0,8.0,0.0,5.0,0.0,2.0,0.0,2.0,0.0,0.001,0.0,2a,2
H8,iso,16,90.0,0.0,0.2720125841777433,0.051813566013006275,0.27201258417653384,0.051813566014063915,5.503647657052003e-11,9.362396616653749e-11,0.010369244936375418,0.004518387746898759,1.0,0.0,0.9289716138420365,0.026437795039326955,128.0,0.0,5.0,0.0,5.0,0.0,0.10638297872340426,0.0,0.41932492972479024,0.058868064174884535,0.9999899861263497,6.509699229748977e-06,0.06399133106335078,0.008702078150421115,0.8856829906962298,0.0016218315365080823,0.009165728781800922,0.006019594025080068,0.01074237228163186,0.005954737226778496,1.6253934193315427,1.5357144966967298,8.0,0.0,8.0,0.0,5.0,0.0,2.0,0.0,8.0,0.0,0.001,0.0,2a,2
H8,task,16,90.0,0.0,0.009090269182886437,0.002215213128836753,0.009090269182874321,0.002215213128875633,1.1914511232781876e-12,1.6866734478292366e-12,0.010369244936375418,0.004518387746898759,1.0,0.0,0.9999127674531754,4.435639088098297e-05,128.0,0.0,5.0,0.0,5.0,0.0,0.10638297872340426,0.0,0.41932492972479024,0.058868064174884535,0.9999899861263497,6.509699229748977e-06,0.06399133106335078,0.008702078150421115,0.8856829906962298,0.0016218315365080823,0.009165728781800922,0.006019594025080068,0.01074237228163186,0.005954737226778496,1.6253934193315427,1.5357144966967298,8.0,0.0,8.0,0.0,5.0,0.0,2.0,0.0,8.0,0.0,0.001,0.0,2a,2
L12,iso,16,182.0,0.0,0.26500298618615303,0.07438832803081405,0.33904587756210147,0.18757397176601573,0.13591387315471234,0.24385548324142134,0.00918455573695948,0.004359062969506582,0.9257785159215067,0.1343763488577739,0.862765962726037,0.15050993230183735,128.0,0.0,5.0,0.0,4.75,0.4472135954999579,0.10106382978723405,0.00951518288297783,0.40794965735254674,0.07111822365910742,0.9999961049122632,2.5494584265759672e-06,0.05683369908780152,0.016568808290507664,0.9210344378317019,0.0012699525066097819,0.009240878541032182,0.004347645156707016,0.010372666011141209,0.004465490685687344,1.2165074272768641,0.5007514461844469,4.0,0.0,12.0,0.0,5.0,0.0,2.0,0.0,12.0,0.0,0.001,0.0,2a,2
L12,task,16,182.0,0.0,0.00930412023042281,0.002149683522800907,0.12027290735470662,0.2056260607437086,0.11350162170895241,0.20918067887623013,0.00918455573695948,0.004359062969506582,0.9460956102303701,0.10890244571901231,0.9458285692093871,0.10910844249565897,128.0,0.0,5.0,0.0,4.75,0.4472135954999579,0.10106382978723405,0.00951518288297783,0.40794965735254674,0.07111822365910742,0.9999961049122632,2.5494584265759672e-06,0.05683369908780152,0.016568808290507664,0.9210344378317019,0.0012699525066097819,0.009240878541032182,0.004347645156707016,0.010372666011141209,0.004465490685687344,1.2165074272768641,0.5007514461844469,4.0,0.0,12.0,0.0,5.0,0.0,2.0,0.0,12.0,0.0,0.001,0.0,2a,2
L2,iso,16,12.0,0.0,1.5261009894762854,0.4299306051042998,1.5261011332579666,0.4299308060427915,4.7749277404084275e-06,1.717872777685516e-05,0.10387804376466968,0.04649495711528384,0.9999999997005357,1.1840553686359213e-09,0.3136728381384286,0.1497826913850018,128.0,0.0,5.0,0.0,10.75,0.5773502691896257,0.22872340425531915,0.012284048280630337,0.41713853933373946,0.08780501192182569,0.9997187596565472,0.0001675273623538169,0.14785519528728397,0.03063405316315101,0.653403534439186,0.01208200606438669,0.016275505647053462,0.017324716448286336,0.2822779307688677,0.19477745665287366,29.934848563697493,24.74883345902299,4.0,0.0,2.0,0.0,5.0,0.0,2.0,0.0,2.0,0.0,0.001,0.0,2a,2
L2,task,16,12.0,0.0,0.19447347251380176,0.2000145711154363,0.1944734633788044,0.20001453500727132,1.2545979374668345e-07,4.6004331068700627e-07,0.10387804376466968,0.04649495711528384,0.9999999999997858,8.499834800101808e-13,0.951960893454201,0.10061388201000519,128.0,0.0,5.0,0.0,10.75,0.5773502691896257,0.22872340425531915,0.012284048280630337,0.41713853933373946,0.08780501192182569,0.9997187596565472,0.0001675273623538169,0.14785519528728397,0.03063405316315101,0.653403534439186,0.01208200606438669,0.016275505647053462,0.017324716448286336,0.2822779307688677,0.19477745665287366,29.934848563697493,24.74883345902299,4.0,0.0,2.0,0.0,5.0,0.0,2.0,0.0,2.0,0.0,0.001,0.0,2a,2
L4,iso,16,30.0,0.0,0.4706562030803873,0.12215226555868954,0.47065620264843855,0.12215226551409217,1.4767375726022781e-08,2.9579403927419596e-08,0.027170855402517312,0.030300506932832136,0.9999999999999989,2.6746929420445724e-15,0.8116405955928896,0.08025702883439843,128.0,0.0,5.0,0.0,5.75,2.04939015319192,0.1223404255319149,0.043604045812594035,0.4205745524519479,0.07592521036936631,0.9999730192677995,1.0112875871502822e-05,0.09102246178460828,0.015109577177993966,0.7921086473740409,0.0051662962615737,0.011710062680361179,0.009500379844744772,0.05029880279179247,0.11293734761912474,3.8416397068923276,6.031821878842419,4.0,0.0,4.0,0.0,5.0,0.0,2.0,0.0,4.0,0.0,0.001,0.0,2a,2
L4,task,16,30.0,0.0,0.027902640979709514,0.02258899609484876,0.027902641006943955,0.022588996087753947,3.8307710209837e-10,8.282981806983098e-10,0.027170855402517312,0.030300506932832136,1.0,0.0,0.9986513108643351,0.003309806893886499,128.0,0.0,5.0,0.0,5.75,2.04939015319192,0.1223404255319149,0.043604045812594035,0.4205745524519479,0.07592521036936631,0.9999730192677995,1.0112875871502822e-05,0.09102246178460828,0.015109577177993966,0.7921086473740409,0.0051662962615737,0.011710062680361179,0.009500379844744772,0.05029880279179247,0.11293734761912474,3.8416397068923276,6.031821878842419,4.0,0.0,4.0,0.0,5.0,0.0,2.0,0.0,4.0,0.0,0.001,0.0,2a,2
L6,iso,16,56.0,0.0,0.3443045520180901,0.0963519966814233,0.34430455201818,0.09635199668154519,4.1544724466437744e-12,3.796055923312725e-12,0.011087063331848565,0.00727646712336782,1.0,0.0,0.8899551210290404,0.0553811501181542,128.0,0.0,5.0,0.0,5.0,0.0,0.10638297872340426,0.0,0.4225754615499546,0.05323015694761051,0.9999753155848755,1.1788506422985967e-05,0.07447180666348506,0.00834455172309565,0.8515863408196223,0.0031379859762121036,0.012752882732199248,0.012209647616808332,0.020210127738426238,0.020086863674944975,6.0115845018113845,18.230854019810348,4.0,0.0,6.0,0.0,5.0,0.0,2.0,0.0,6.0,0.0,0.001,0.0,2a,2
L6,task,16,56.0,0.0,0.012843906389578476,0.004218717674376048,0.012843906389569417,0.00421871767438699,2.464487044119145e-13,1.1672939878359429e-13,0.011087063331848565,0.00727646712336782,1.0,0.0,0.9998174847563517,0.00013638339430368444,128.0,0.0,5.0,0.0,5.0,0.0,0.10638297872340426,0.0,0.4225754615499546,0.05323015694761051,0.9999753155848755,1.1788506422985967e-05,0.07447180666348506,0.00834455172309565,0.8515863408196223,0.0031379859762121036,0.012752882732199248,0.012209647616808332,0.020210127738426238,0.020086863674944975,6.0115845018113845,18.230854019810348,4.0,0.0,6.0,0.0,5.0,0.0,2.0,0.0,6.0,0.0,0.001,0.0,2a,2
L8,iso,16,90.0,0.0,0.29707037400716146,0.09567533841468505,0.29707037401371156,0.09567533841379033,6.612146987834255e-11,1.146138674595837e-10,0.011391414338171448,0.007374200335220182,1.0,0.0,0.9130476957176412,0.04999774893079778,128.0,0.0,5.0,0.0,5.0,0.0,0.10638297872340426,0.0,0.4668350398470381,0.07614651363480089,0.9999897925154148,5.843277431977348e-06,0.07207243483146186,0.011862205885315818,0.8842686264592887,0.002441230365383837,0.012313823547966346,0.010858104951629938,0.01677376136750041,0.019058878593325255,1.358201977679538,0.467288511920284,4.0,0.0,8.0,0.0,5.0,0.0,2.0,0.0,8.0,0.0,0.001,0.0,2a,2
L8,task,16,90.0,0.0,0.009723866568848449,0.004252938665760593,0.009723866568986253,0.004252938665717251,1.5745958037699085e-12,2.601096790918074e-12,0.011391414338171448,0.007374200335220182,1.0,0.0,0.9998884607760786,0.00012037338287435347,128.0,0.0,5.0,0.0,5.0,0.0,0.10638297872340426,0.0,0.4668350398470381,0.07614651363480089,0.9999897925154148,5.843277431977348e-06,0.07207243483146186,0.011862205885315818,0.8842686264592887,0.002441230365383837,0.012313823547966346,0.010858104951629938,0.01677376136750041,0.019058878593325255,1.358201977679538,0.467288511920284,4.0,0.0,8.0,0.0,5.0,0.0,2.0,0.0,8.0,0.0,0.001,0.0,2a,2
H1,iso,16,180.0,0.0,0.5464410392098393,0.08423726477778906,0.5464410392099144,0.08423726477769058,6.3331659854810515e-12,1.2280648531580455e-11,0.015951267800132306,0.008191873886699558,1.0,0.0,0.7669277132324803,0.0582840855955759,128.0,0.0,5.0,0.0,5.0,0.0,0.10638297872340426,0.0,0.11000258569678727,0.04746346860404213,0.9999970034161452,1.0151338674778701e-06,0.027986742461276783,0.00704475873096979,0.8886535031430707,0.00015647648422066832,0.012656668110040101,0.010930022560057531,0.01645084026372117,0.012483484307267503,1.7745728208055522,1.4449670547739446,1.0,0.0,8.0,0.0,5.0,0.0,4.0,0.0,1.0,0.0,0.001,0.0,2a,4
H1,task,16,180.0,0.0,0.015498826476561861,0.0025506823671636787,0.015498826476558251,0.002550682367156779,2.7137448649463487e-13,1.9305341083029024e-13,0.015951267800132306,0.008191873886699558,1.0,0.0,0.999752927176534,8.234457959426766e-05,128.0,0.0,5.0,0.0,5.0,0.0,0.10638297872340426,0.0,0.11000258569678727,0.04746346860404213,0.9999970034161452,1.0151338674778701e-06,0.027986742461276783,0.00704475873096979,0.8886535031430707,0.00015647648422066832,0.012656668110040101,0.010930022560057531,0.01645084026372117,0.012483484307267503,1.7745728208055522,1.4449670547739446,1.0,0.0,8.0,0.0,5.0,0.0,4.0,0.0,1.0,0.0,0.001,0.0,2a,4
H2,iso,16,180.0,0.0,0.2607846029292878,0.07428443379621606,0.26078460292957806,0.0742844337960989,4.485744654898641e-12,9.953469080149429e-12,0.009640954953481433,0.005676767556971439,1.0,0.0,0.9327632645186128,0.034425810342439044,128.0,0.0,5.0,0.0,5.0,0.0,0.10638297872340426,0.0,0.13834036988865672,0.05280609880988428,0.9999959530515219,1.094982250019596e-06,0.03247730467249332,0.008368325793886891,0.8886362988424967,0.0002578502817283355,0.015938400148970737,0.015865173205872066,0.018057393538583887,0.01607327205893093,1.3544119895492237,0.5851371764201394,2.0,0.0,8.0,0.0,5.0,0.0,4.0,0.0,2.0,0.0,0.001,0.0,2a,4
H2,task,16,180.0,0.0,0.009334228782272656,0.0024015441167864987,0.009334228782289745,0.0024015441167859327,3.094689823408805e-13,1.6864592079348098e-13,0.009640954953481433,0.005676767556971439,1.0,0.0,0.9999072540219085,4.727535031078644e-05,128.0,0.0,5.0,0.0,5.0,0.0,0.10638297872340426,0.0,0.13834036988865672,0.05280609880988428,0.9999959530515219,1.094982250019596e-06,0.03247730467249332,0.008368325793886891,0.8886362988424967,0.0002578502817283355,0.015938400148970737,0.015865173205872066,0.018057393538583887,0.01607327205893093,1.3544119895492237,0.5851371764201394,2.0,0.0,8.0,0.0,5.0,0.0,4.0,0.0,2.0,0.0,0.001,0.0,2a,4
H8,iso,16,180.0,0.0,0.2720125841777433,0.051813566013006275,0.27201258417779345,0.051813566012917034,1.879289894808321e-12,2.061677507327683e-12,0.010369244936375418,0.004518387746898759,1.0,0.0,0.9289716138414906,0.026437795038719576,128.0,0.0,5.0,0.0,5.0,0.0,0.10638297872340426,0.0,0.11122015737130592,0.0424272109582052,0.9999982770172886,3.497159585107365e-07,0.02880321273804087,0.00819738109269284,0.8886634837328525,0.00019786170754410552,0.009165728781800922,0.006019594025080068,0.01074237228163186,0.005954737226778496,1.6253934193315427,1.5357144966967298,8.0,0.0,8.0,0.0,5.0,0.0,4.0,0.0,8.0,0.0,0.001,0.0,2a,4
H8,task,16,180.0,0.0,0.009090269182886437,0.002215213128836753,0.009090269182891027,0.0022152131288295496,1.862990496228961e-13,1.1023444714765534e-13,0.010369244936375418,0.004518387746898759,1.0,0.0,0.9999127674531751,4.435639088024641e-05,128.0,0.0,5.0,0.0,5.0,0.0,0.10638297872340426,0.0,0.11122015737130592,0.0424272109582052,0.9999982770172886,3.497159585107365e-07,0.02880321273804087,0.00819738109269284,0.8886634837328525,0.00019786170754410552,0.009165728781800922,0.006019594025080068,0.01074237228163186,0.005954737226778496,1.6253934193315427,1.5357144966967298,8.0,0.0,8.0,0.0,5.0,0.0,4.0,0.0,8.0,0.0,0.001,0.0,2a,4
L12,iso,16,364.0,0.0,0.26500298618615303,0.07438832803081405,0.28255288309959325,0.10537023985737952,0.032831692716576134,0.13132676821731726,0.00918455573695948,0.004359062969506582,0.982753279906144,0.06898688037542405,0.9150910928339727,0.0719501731310815,128.0,0.0,5.0,0.0,4.9375,0.25,0.10505319148936171,0.0053191489361702135,0.12788045419328828,0.04055088961738413,0.9999991220185445,2.1930087830761218e-07,0.026431209429229573,0.00727335329366957,0.9228923584542694,0.00011202159311459771,0.009240878541032182,0.004347645156707016,0.010372666011141209,0.004465490685687344,1.2165074272768641,0.5007514461844469,4.0,0.0,12.0,0.0,5.0,0.0,4.0,0.0,12.0,0.0,0.001,0.0,2a,4
L12,task,16,364.0,0.0,0.00930412023042281,0.002149683522800907,0.03445182262277404,0.10179907392684938,0.025799161104256726,0.10319664437096882,0.00918455573695948,0.004359062969506582,0.989350452589999,0.04259818964000414,0.9891123284479715,0.043212387625065456,128.0,0.0,5.0,0.0,4.9375,0.25,0.10505319148936171,0.0053191489361702135,0.12788045419328828,0.04055088961738413,0.9999991220185445,2.1930087830761218e-07,0.026431209429229573,0.00727335329366957,0.9228923584542694,0.00011202159311459771,0.009240878541032182,0.004347645156707016,0.010372666011141209,0.004465490685687344,1.2165074272768641,0.5007514461844469,4.0,0.0,12.0,0.0,5.0,0.0,4.0,0.0,12.0,0.0,0.001,0.0,2a,4
L2,iso,16,24.0,0.0,1.5261009894762854,0.4299306051042998,1.5261009894722042,0.4299306051738021,1.926220626749312e-08,6.283411904209688e-08,0.10387804376466968,0.04649495711528384,0.9999999999999959,1.5852751162513232e-14,0.3136729537036431,0.14978256549055602,128.0,0.0,5.0,0.0,16.75,0.5773502691896257,0.3563829787234043,0.012284048280630342,0.11468546465650184,0.05558502141663688,0.9999535003077835,2.0570751133774633e-05,0.04408098827148589,0.019226710570225475,0.66658084238622,4.562458197852685e-05,0.016275505647053462,0.017324716448286336,0.2822779307688677,0.19477745665287366,29.934848563697493,24.74883345902299,4.0,0.0,2.0,0.0,5.0,0.0,4.0,0.0,2.0,0.0,0.001,0.0,2a,4
L2,task,16,24.0,0.0,0.19447347251380176,0.2000145711154363,0.1944734725791506,0.20001457136676204,5.245523139237426e-10,1.8446345625826464e-09,0.10387804376466968,0.04649495711528384,1.0,0.0,0.9519608850624418,0.10061391535482606,128.0,0.0,5.0,0.0,16.75,0.5773502691896257,0.3563829787234043,0.012284048280630342,0.11468546465650184,0.05558502141663688,0.9999535003077835,2.0570751133774633e-05,0.04408098827148589,0.019226710570225475,0.66658084238622,4.562458197852685e-05,0.016275505647053462,0.017324716448286336,0.2822779307688677,0.19477745665287366,29.934848563697493,24.74883345902299,4.0,0.0,2.0,0.0,5.0,0.0,4.0,0.0,2.0,0.0,0.001,0.0,2a,4
L4,iso,16,60.0,0.0,0.4706562030803873,0.12215226555868954,0.4706562030873286,0.12215226555387923,1.8215918226292934e-10,2.9398213520790094e-10,0.027170855402517312,0.030300506932832136,1.0,0.0,0.8116405952209325,0.08025702889101995,128.0,0.0,5.0,0.0,6.875,5.123475382979799,0.14627659574468085,0.1090101145314851,0.11515914753369534,0.048752430188985445,0.9999901152508595,3.9965626687590665e-06,0.02818192419076186,0.009895102707194774,0.7999856145638489,5.158616603011961e-06,0.011710062680361179,0.009500379844744772,0.05029880279179247,0.11293734761912474,3.8416397068923276,6.031821878842419,4.0,0.0,4.0,0.0,5.0,0.0,4.0,0.0,4.0,0.0,0.001,0.0,2a,4
L4,task,16,60.0,0.0,0.027902640979709514,0.02258899609484876,0.027902640979885842,0.02258899609480689,5.714610911310155e-12,9.554691455895025e-12,0.027170855402517312,0.030300506932832136,1.0,0.0,0.9986513108655446,0.003309806894212317,128.0,0.0,5.0,0.0,6.875,5.123475382979799,0.14627659574468085,0.1090101145314851,0.11515914753369534,0.048752430188985445,0.9999901152508595,3.9965626687590665e-06,0.02818192419076186,0.009895102707194774,0.7999856145638489,5.158616603011961e-06,0.011710062680361179,0.009500379844744772,0.05029880279179247,0.11293734761912474,3.8416397068923276,6.031821878842419,4.0,0.0,4.0,0.0,5.0,0.0,4.0,0.0,4.0,0.0,0.001,0.0,2a,4
L6,iso,16,112.0,0.0,0.3443045520180901,0.0963519966814233,0.3443045520180873,0.09635199668140547,5.664639155796346e-13,3.0373716160476677e-13,0.011087063331848565,0.00727646712336782,1.0,0.0,0.8899551210291095,0.05538115011806257,128.0,0.0,5.0,0.0,5.0,0.0,0.10638297872340426,0.0,0.11689804438905321,0.05321394877633774,0.9999941553148337,1.6530596858082872e-06,0.02906178238504683,0.008300270054996355,0.8570296621240557,5.504691200408173e-05,0.012752882732199248,0.012209647616808332,0.020210127738426238,0.020086863674944975,6.0115845018113845,18.230854019810348,4.0,0.0,6.0,0.0,5.0,0.0,4.0,0.0,6.0,0.0,0.001,0.0,2a,4
L6,task,16,112.0,0.0,0.012843906389578476,0.004218717674376048,0.012843906389567878,0.004218717674384308,1.953267319119938e-13,1.1869672427032733e-13,0.011087063331848565,0.00727646712336782,1.0,0.0,0.9998174847563519,0.00013638339430344996,128.0,0.0,5.0,0.0,5.0,0.0,0.10638297872340426,0.0,0.11689804438905321,0.05321394877633774,0.9999941553148337,1.6530596858082872e-06,0.02906178238504683,0.008300270054996355,0.8570296621240557,5.504691200408173e-05,0.012752882732199248,0.012209647616808332,0.020210127738426238,0.020086863674944975,6.0115845018113845,18.230854019810348,4.0,0.0,6.0,0.0,5.0,0.0,4.0,0.0,6.0,0.0,0.001,0.0,2a,4
L8,iso,16,180.0,0.0,0.29707037400716146,0.09567533841468505,0.2970703740077286,0.09567533841538946,3.885322827198333e-12,6.341676006111701e-12,0.011391414338171448,0.007374200335220182,1.0,0.0,0.9130476957207423,0.049997748931443244,128.0,0.0,5.0,0.0,5.0,0.0,0.10638297872340426,0.0,0.11912073995124811,0.03704599375546127,0.999997652984111,7.279062854245852e-07,0.03207375492558137,0.007040693823578922,0.8886091171025168,0.00018024201328216232,0.012313823547966346,0.010858104951629938,0.01677376136750041,0.019058878593325255,1.358201977679538,0.467288511920284,4.0,0.0,8.0,0.0,5.0,0.0,4.0,0.0,8.0,0.0,0.001,0.0,2a,4
L8,task,16,180.0,0.0,0.009723866568848449,0.004252938665760593,0.009723866568848927,0.004252938665777499,2.310791087622408e-13,1.3942112169283303e-13,0.011391414338171448,0.007374200335220182,1.0,0.0,0.999888460776081,0.00012037338287514086,128.0,0.0,5.0,0.0,5.0,0.0,0.10638297872340426,0.0,0.11912073995124811,0.03704599375546127,0.999997652984111,7.279062854245852e-07,0.03207375492558137,0.007040693823578922,0.8886091171025168,0.00018024201328216232,0.012313823547966346,0.010858104951629938,0.01677376136750041,0.019058878593325255,1.358201977679538,0.467288511920284,4.0,0.0,8.0,0.0,5.0,0.0,4.0,0.0,8.0,0.0,0.001,0.0,2a,4
dx10,iso,16,45.0,0.0,0.4339653511076388,0.06366093863698805,0.9238439273528184,0.08494748358111776,0.8066860915596497,0.07975827080115747,0.012382326654410166,0.00426677265636003,0.34329375428440884,0.12136176794887792,0.28563218173635185,0.10779486661274533,128.0,0.0,10.0,0.0,5.375,0.8850612031567836,0.11436170212765957,0.018831089428867732,0.7445896939727947,0.03698245000826614,0.9999694719824879,1.3063558560568368e-05,0.4138306361368437,0.03773187249130166,0.8376468874075582,0.006577035797587904,0.031812066741225165,0.0276587154030894,0.045458241022315556,0.03946148833365693,1.4734011626207972,0.5249060761118656,4.0,0.0,8.0,0.0,10.0,0.0,1.0,0.0,10.0,0.0,0.001,0.0,2b,1
dx10,task,16,45.0,0.0,0.013449825742140913,0.002971169877921525,0.6731063632656425,0.07668878457965903,0.6721628970486517,0.07611003023763857,0.012382326654410166,0.00426677265636003,0.5427663491732273,0.10023004090755658,0.5428190893674486,0.10034229879881011,128.0,0.0,10.0,0.0,5.375,0.8850612031567836,0.11436170212765957,0.018831089428867732,0.7445896939727947,0.03698245000826614,0.9999694719824879,1.3063558560568368e-05,0.4138306361368437,0.03773187249130166,0.8376468874075582,0.006577035797587904,0.031812066741225165,0.0276587154030894,0.045458241022315556,0.03946148833365693,1.4734011626207972,0.5249060761118656,4.0,0.0,8.0,0.0,10.0,0.0,1.0,0.0,10.0,0.0,0.001,0.0,2b,1
dx15,iso,16,45.0,0.0,0.3799038473455765,0.059660628844600626,0.9993340079275409,0.04789737420101866,0.9151168298004655,0.0350535544663501,0.014230289259515983,0.00592950878171091,0.1614092331169396,0.06357524851132283,0.14017513124762557,0.058503448150760765,128.0,0.0,15.0,0.0,5.8125,0.9105858919765157,0.12367021276595744,0.019374167914393947,0.743860150857068,0.05510633928429223,0.9773337731772234,0.014558397290306372,0.4928290663558604,0.0484638149536607,0.8030324637616316,0.017091922920623302,0.05508295735521386,0.03646435115306637,0.06877855651872393,0.0330976999729419,1.558434328493776,1.0317253450691768,4.0,0.0,8.0,0.0,14.9375,0.25,1.0,0.0,15.0,0.0,0.001,0.0,2b,1
dx15,task,16,45.0,0.0,0.016909196428543778,0.0029836176860748164,0.773243427127642,0.0698467576705073,0.7734076416813614,0.07072234696606042,0.014230289259515983,0.00592950878171091,0.39715157257721706,0.1057828250463959,0.3970223800850239,0.10569000620605974,128.0,0.0,15.0,0.0,5.8125,0.9105858919765157,0.12367021276595744,0.019374167914393947,0.743860150857068,0.05510633928429223,0.9773337731772234,0.014558397290306372,0.4928290663558604,0.0484638149536607,0.8030324637616316,0.017091922920623302,0.05508295735521386,0.03646435115306637,0.06877855651872393,0.0330976999729419,1.558434328493776,1.0317253450691768,4.0,0.0,8.0,0.0,14.9375,0.25,1.0,0.0,15.0,0.0,0.001,0.0,2b,1
dx3,iso,16,45.0,0.0,0.1990266803609499,0.05404582711529149,0.19902668034604543,0.05404582710617945,1.3801740735672142e-10,4.989166484109195e-10,0.007125100411530229,0.003315799962393303,1.0,0.0,0.9601162732747117,0.020681707902629597,128.0,0.0,3.0,0.0,3.0,0.0,0.06382978723404255,0.0,0.590176835083476,0.09775758770423025,0.9999803782260595,1.1484267236256299e-05,0.08414851356990405,0.01223834051007701,0.8789052502023953,0.00590828586259605,0.005772163564191154,0.005682470424505045,0.005909723452650705,0.0054066775389188144,1.2530060078235072,0.7162130699737628,4.0,0.0,8.0,0.0,3.0,0.0,1.0,0.0,3.0,0.0,0.001,0.0,2b,1
dx3,task,16,45.0,0.0,0.006230220745930678,0.001276144830418072,0.006230220746633734,0.0012761448310585268,3.1535769503085136e-12,1.1326533344022581e-11,0.007125100411530229,0.003315799962393303,1.0,0.0,0.9999596664947985,1.5529185315343227e-05,128.0,0.0,3.0,0.0,3.0,0.0,0.06382978723404255,0.0,0.590176835083476,0.09775758770423025,0.9999803782260595,1.1484267236256299e-05,0.08414851356990405,0.01223834051007701,0.8789052502023953,0.00590828586259605,0.005772163564191154,0.005682470424505045,0.005909723452650705,0.0054066775389188144,1.2530060078235072,0.7162130699737628,4.0,0.0,8.0,0.0,3.0,0.0,1.0,0.0,3.0,0.0,0.001,0.0,2b,1
dx5,iso,16,45.0,0.0,0.25329189292969667,0.05299586159994523,0.3390009731077561,0.18864269934435426,0.12537820147912057,0.27125441941908585,0.010661722578436377,0.009424245375466428,0.9153000315430428,0.18637816801849946,0.8581632440652185,0.1738460295431047,128.0,0.0,5.0,0.0,4.8125,0.4031128874149275,0.1023936170212766,0.008576869944998459,0.6655381015160988,0.07995193363490405,0.9999667783711514,1.9605671924268774e-05,0.1370174347124262,0.0238230624177636,0.8667666820564073,0.006723775705041055,0.013996316662517338,0.010079803343826818,0.015073586125503318,0.01151318206686898,1.0645948415541913,0.1996233019376538,4.0,0.0,8.0,0.0,5.0,0.0,1.0,0.0,5.0,0.0,0.001,0.0,2b,1
dx5,task,16,45.0,0.0,0.008590895228884208,0.0022521041192463324,0.10566257317505282,0.21586527875145434,0.09849087802114301,0.21851103764036967,0.010661722578436377,0.009424245375466428,0.9455366654742291,0.13168575985742254,0.9453163146668437,0.13224166340697777,128.0,0.0,5.0,0.0,4.8125,0.4031128874149275,0.1023936170212766,0.008576869944998459,0.6655381015160988,0.07995193363490405,0.9999667783711514,1.9605671924268774e-05,0.1370174347124262,0.0238230624177636,0.8667666820564073,0.006723775705041055,0.013996316662517338,0.010079803343826818,0.015073586125503318,0.01151318206686898,1.0645948415541913,0.1996233019376538,4.0,0.0,8.0,0.0,5.0,0.0,1.0,0.0,5.0,0.0,0.001,0.0,2b,1
dx8,iso,16,45.0,0.0,0.34076839612018306,0.06187058747409667,0.7335304948827945,0.12294290402573088,0.6509262062205904,0.13484705666972155,0.012009561741980996,0.0056083183341334225,0.5592478284069402,0.1606119178362325,0.5007599557383077,0.14905044807071455,128.0,0.0,8.0,0.0,5.75,0.7745966692414834,0.12234042553191489,0.0164807801966273,0.7212232499837382,0.0456031309730788,0.9999475782178292,4.1597533935288495e-05,0.2965030339652921,0.05127617837035714,0.8481251406218425,0.006185179952529111,0.021083931797096077,0.012465060293103321,0.023926616387140588,0.016338405301664395,1.1403804638780968,0.3036146610486949,4.0,0.0,8.0,0.0,8.0,0.0,1.0,0.0,8.0,0.0,0.001,0.0,2b,1
dx8,task,16,45.0,0.0,0.013030204299853392,0.0024216383630891697,0.5177255049562959,0.1373130240418167,0.5187851305877229,0.13835626222444541,0.012009561741980996,0.0056083183341334225,0.712915936440979,0.1455575803705871,0.7130195244909849,0.1454981694134308,128.0,0.0,8.0,0.0,5.75,0.7745966692414834,0.12234042553191489,0.0164807801966273,0.7212232499837382,0.0456031309730788,0.9999475782178292,4.1597533935288495e-05,0.2965030339652921,0.05127617837035714,0.8481251406218425,0.006185179952529111,0.021083931797096077,0.012465060293103321,0.023926616387140588,0.016338405301664395,1.1403804638780968,0.3036146610486949,4.0,0.0,8.0,0.0,8.0,0.0,1.0,0.0,8.0,0.0,0.001,0.0,2b,1
dx10,iso,16,90.0,0.0,0.4339653511076388,0.06366093863698805,0.7603102483563677,0.1137621153525248,0.6077128284514929,0.12875103465274793,0.012382326654410166,0.00426677265636003,0.6151443410198597,0.14437874843822693,0.5115519310344152,0.12381370044752277,128.0,0.0,10.0,0.0,7.875,0.7187952884282609,0.1675531914893617,0.015293516775069382,0.5438681805904692,0.05099933518946171,0.9999897246666405,2.1569484114101118e-06,0.16341972426897913,0.024581097183870793,0.876119121407889,0.0033805836679720305,0.031812066741225165,0.0276587154030894,0.045458241022315556,0.03946148833365693,1.4734011626207972,0.5249060761118656,4.0,0.0,8.0,0.0,10.0,0.0,2.0,0.0,10.0,0.0,0.001,0.0,2b,2
dx10,task,16,90.0,0.0,0.013449825742140913,0.002971169877921525,0.4473208650068896,0.10618926092010553,0.4467913442872432,0.10561256450275136,0.012382326654410166,0.00426677265636003,0.7899206067508735,0.09000175027020876,0.7900787894877798,0.08991116606013552,128.0,0.0,10.0,0.0,7.875,0.7187952884282609,0.1675531914893617,0.015293516775069382,0.5438681805904692,0.05099933518946171,0.9999897246666405,2.1569484114101118e-06,0.16341972426897913,0.024581097183870793,0.876119121407889,0.0033805836679720305,0.031812066741225165,0.0276587154030894,0.045458241022315556,0.03946148833365693,1.4734011626207972,0.5249060761118656,4.0,0.0,8.0,0.0,10.0,0.0,2.0,0.0,10.0,0.0,0.001,0.0,2b,2
dx15,iso,16,90.0,0.0,0.3799038473455765,0.059660628844600626,0.9194358014992008,0.07578871120327535,0.8264324439466864,0.06439373471635126,0.014230289259515983,0.00592950878171091,0.3131220220898783,0.10335063058056106,0.27043982225466623,0.096748379169176,128.0,0.0,15.0,0.0,8.8125,0.9105858919765157,0.1875,0.019374167914393954,0.5669412187531825,0.051539288515612784,0.9999791279915489,5.1195993522862195e-06,0.2675371397574935,0.04425877808206492,0.8668287892591755,0.004851867245233428,0.05508295735521386,0.03646435115306637,0.06877855651872393,0.0330976999729419,1.558434328493776,1.0317253450691768,4.0,0.0,8.0,0.0,14.9375,0.25,2.0,0.0,15.0,0.0,0.001,0.0,2b,2
dx15,task,16,90.0,0.0,0.016909196428543778,0.0029836176860748164,0.6407732043545779,0.07540258142949664,0.6403840167783432,0.07596678930615211,0.014230289259515983,0.00592950878171091,0.5844980425455232,0.09342377313719422,0.583694173414163,0.09356115101251361,128.0,0.0,15.0,0.0,8.8125,0.9105858919765157,0.1875,0.019374167914393954,0.5669412187531825,0.051539288515612784,0.9999791279915489,5.1195993522862195e-06,0.2675371397574935,0.04425877808206492,0.8668287892591755,0.004851867245233428,0.05508295735521386,0.03646435115306637,0.06877855651872393,0.0330976999729419,1.558434328493776,1.0317253450691768,4.0,0.0,8.0,0.0,14.9375,0.25,2.0,0.0,15.0,0.0,0.001,0.0,2b,2
dx3,iso,16,90.0,0.0,0.1990266803609499,0.05404582711529149,0.19902668036094123,0.054045827115254595,5.748274334453961e-13,2.851779846702805e-13,0.007125100411530229,0.003315799962393303,1.0,0.0,0.9601162732682262,0.02068170790601873,128.0,0.0,3.0,0.0,3.0,0.0,0.06382978723404255,0.0,0.27494019373699896,0.054504164980843955,0.9999911862528361,6.723051404511375e-06,0.04547782823296388,0.007421229655215716,0.8886994491179862,0.00015355418743800628,0.005772163564191154,0.005682470424505045,0.005909723452650705,0.0054066775389188144,1.2530060078235072,0.7162130699737628,4.0,0.0,8.0,0.0,3.0,0.0,2.0,0.0,3.0,0.0,0.001,0.0,2b,2
dx3,task,16,90.0,0.0,0.006230220745930678,0.001276144830418072,0.006230220745935081,0.0012761448304253725,1.3938192012550094e-13,6.533853387028885e-14,0.007125100411530229,0.003315799962393303,1.0,0.0,0.9999596664948087,1.552918530638268e-05,128.0,0.0,3.0,0.0,3.0,0.0,0.06382978723404255,0.0,0.27494019373699896,0.054504164980843955,0.9999911862528361,6.723051404511375e-06,0.04547782823296388,0.007421229655215716,0.8886994491179862,0.00015355418743800628,0.005772163564191154,0.005682470424505045,0.005909723452650705,0.0054066775389188144,1.2530060078235072,0.7162130699737628,4.0,0.0,8.0,0.0,3.0,0.0,2.0,0.0,3.0,0.0,0.001,0.0,2b,2
dx5,iso,16,90.0,0.0,0.25329189292969667,0.05299586159994523,0.25329189293623616,0.05299586159752151,1.0693397340213849e-10,2.8518608610530485e-10,0.010661722578436377,0.009424245375466428,1.0,0.0,0.9375307228689109,0.022578381934521944,128.0,0.0,5.0,0.0,5.0,0.0,0.10638297872340426,0.0,0.4095525735089587,0.07149197382085504,0.9999910866500259,4.4657524358155394e-06,0.05916154935623594,0.009530139614143349,0.8850326801600032,0.0021393923711727444,0.013996316662517338,0.010079803343826818,0.015073586125503318,0.01151318206686898,1.0645948415541913,0.1996233019376538,4.0,0.0,8.0,0.0,5.0,0.0,2.0,0.0,5.0,0.0,0.001,0.0,2b,2
dx5,task,16,90.0,0.0,0.008590895228884208,0.0022521041192463324,0.008590895229084954,0.0022521041192615364,2.264899798519376e-12,6.07685880142976e-12,0.010661722578436377,0.009424245375466428,1.0,0.0,0.9999217139711204,3.959527074643356e-05,128.0,0.0,5.0,0.0,5.0,0.0,0.10638297872340426,0.0,0.4095525735089587,0.07149197382085504,0.9999910866500259,4.4657524358155394e-06,0.05916154935623594,0.009530139614143349,0.8850326801600032,0.0021393923711727444,0.013996316662517338,0.010079803343826818,0.015073586125503318,0.01151318206686898,1.0645948415541913,0.1996233019376538,4.0,0.0,8.0,0.0,5.0,0.0,2.0,0.0,5.0,0.0,0.001,0.0,2b,2
dx8,iso,16,90.0,0.0,0.34076839612018306,0.06187058747409667,0.4710125431205441,0.15983888716020028,0.24317746060488207,0.2675773882587564,0.012009561741980996,0.0056083183341334225,0.8737419176158463,0.15712956286865537,0.7779117269915992,0.14372381003921664,128.0,0.0,8.0,0.0,7.4375,0.6291528696058958,0.15824468085106383,0.013386231268210551,0.5168702766888552,0.07116231477322679,0.9999851816329892,6.3273145519238244e-06,0.1024159211778464,0.014962167226822063,0.8769257663385657,0.0036276327956971735,0.021083931797096077,0.012465060293103321,0.023926616387140588,0.016338405301664395,1.1403804638780968,0.3036146610486949,4.0,0.0,8.0,0.0,8.0,0.0,2.0,0.0,8.0,0.0,0.001,0.0,2b,2
dx8,task,16,90.0,0.0,0.013030204299853392,0.0024216383630891697,0.18433623082785178,0.1933205145827019,0.17846653017943145,0.19973434109454735,0.012009561741980996,0.0056083183341334225,0.9307492535316592,0.0901941983375868,0.9307041336829638,0.09002457198004145,128.0,0.0,8.0,0.0,7.4375,0.6291528696058958,0.15824468085106383,0.013386231268210551,0.5168702766888552,0.07116231477322679,0.9999851816329892,6.3273145519238244e-06,0.1024159211778464,0.014962167226822063,0.8769257663385657,0.0036276327956971735,0.021083931797096077,0.012465060293103321,0.023926616387140588,0.016338405301664395,1.1403804638780968,0.3036146610486949,4.0,0.0,8.0,0.0,8.0,0.0,2.0,0.0,8.0,0.0,0.001,0.0,2b,2
dx10,iso,16,180.0,0.0,0.4339653511076388,0.06366093863698805,0.5038404273307895,0.09426207749029195,0.1567620382009921,0.21352253119802506,0.012382326654410166,0.00426677265636003,0.932683284008069,0.09708342573016922,0.7830993488910473,0.07547142460235942,128.0,0.0,10.0,0.0,9.625,0.5,0.2047872340425532,0.010638297872340427,0.28376850483972543,0.037943706394912964,0.9999966032643133,7.530210563836746e-07,0.04730256290130072,0.012979031768876406,0.8874645680580746,0.0004934061312515254,0.031812066741225165,0.0276587154030894,0.045458241022315556,0.03946148833365693,1.4734011626207972,0.5249060761118656,4.0,0.0,8.0,0.0,10.0,0.0,4.0,0.0,10.0,0.0,0.001,0.0,2b,4
dx10,task,16,180.0,0.0,0.013449825742140913,0.002971169877921525,0.1140927992690814,0.13585289263979058,0.10520817356131336,0.14246399074336877,0.012382326654410166,0.00426677265636003,0.9699037508485839,0.0425490840483883,0.9696817624873065,0.04255787513233628,128.0,0.0,10.0,0.0,9.625,0.5,0.2047872340425532,0.010638297872340427,0.28376850483972543,0.037943706394912964,0.9999966032643133,7.530210563836746e-07,0.04730256290130072,0.012979031768876406,0.8874645680580746,0.0004934061312515254,0.031812066741225165,0.0276587154030894,0.045458241022315556,0.03946148833365693,1.4734011626207972,0.5249060761118656,4.0,0.0,8.0,0.0,10.0,0.0,4.0,0.0,10.0,0.0,0.001,0.0,2b,4
dx15,iso,16,180.0,0.0,0.3799038473455765,0.059660628844600626,0.75680988270232,0.12661370113823822,0.6440543909614982,0.12116810198481393,0.014230289259515983,0.00592950878171091,0.5714298393541295,0.14227972367826358,0.4983013544777775,0.14164154008689833,128.0,0.0,15.0,0.0,12.0625,0.7719024117939607,0.2566489361702127,0.01642345557008427,0.3174737814016262,0.03718062015664505,0.9999929081563923,9.255686195560052e-07,0.09552089804108033,0.0152678066861995,0.884835387169278,0.0010082238035843114,0.05508295735521386,0.03646435115306637,0.06877855651872393,0.0330976999729419,1.558434328493776,1.0317253450691768,4.0,0.0,8.0,0.0,14.9375,0.25,4.0,0.0,15.0,0.0,0.001,0.0,2b,4
dx15,task,16,180.0,0.0,0.016909196428543778,0.0029836176860748164,0.4383066921075134,0.0918084377820579,0.4375735697220602,0.0923187920841078,0.014230289259515983,0.00592950878171091,0.8005392841699653,0.07613180569861566,0.7997216631702717,0.07631137969283718,128.0,0.0,15.0,0.0,12.0625,0.7719024117939607,0.2566489361702127,0.01642345557008427,0.3174737814016262,0.03718062015664505,0.9999929081563923,9.255686195560052e-07,0.09552089804108033,0.0152678066861995,0.884835387169278,0.0010082238035843114,0.05508295735521386,0.03646435115306637,0.06877855651872393,0.0330976999729419,1.558434328493776,1.0317253450691768,4.0,0.0,8.0,0.0,14.9375,0.25,4.0,0.0,15.0,0.0,0.001,0.0,2b,4
dx3,iso,16,174.9375,4.611127844681819,0.1990266803609499,0.05404582711529149,0.19902668036089716,0.05404582711532278,7.44683933489386e-13,4.4784665432716186e-13,0.007125100411530229,0.003315799962393303,1.0,0.0,0.9601162732682373,0.02068170790603773,128.0,0.0,3.0,0.0,3.0,0.0,0.06382978723404255,0.0,0.030427908258074378,0.0124139882463642,0.9999979020561192,5.855357906597721e-07,0.014470664173395457,0.005018510525925783,0.8887117045940636,0.0001331514523630021,0.005772163564191154,0.005682470424505045,0.005909723452650705,0.0054066775389188144,1.2530060078235072,0.7162130699737628,4.0,0.0,8.0,0.0,3.0,0.0,4.0,0.0,3.0,0.0,0.001,0.0,2b,4
dx3,task,16,174.9375,4.611127844681819,0.006230220745930678,0.001276144830418072,0.006230220745934519,0.0012761448304244695,1.412018746332946e-13,6.439267359087658e-14,0.007125100411530229,0.003315799962393303,1.0,0.0,0.9999596664948087,1.5529185306359345e-05,128.0,0.0,3.0,0.0,3.0,0.0,0.06382978723404255,0.0,0.030427908258074378,0.0124139882463642,0.9999979020561192,5.855357906597721e-07,0.014470664173395457,0.005018510525925783,0.8887117045940636,0.0001331514523630021,0.005772163564191154,0.005682470424505045,0.005909723452650705,0.0054066775389188144,1.2530060078235072,0.7162130699737628,4.0,0.0,8.0,0.0,3.0,0.0,4.0,0.0,3.0,0.0,0.001,0.0,2b,4
dx5,iso,16,180.0,0.0,0.25329189292969667,0.05299586159994523,0.25329189292976834,0.052995861599957644,2.8399278132026143e-12,3.83040305280468e-12,0.010661722578436377,0.009424245375466428,1.0,0.0,0.9375307228720055,0.022578381935453935,128.0,0.0,5.0,0.0,5.0,0.0,0.10638297872340426,0.0,0.12546312309537122,0.04051489252884711,0.9999979999420255,4.485557600872119e-07,0.02671405966666563,0.006988914733645207,0.8887630535062367,7.377825298487624e-05,0.013996316662517338,0.010079803343826818,0.015073586125503318,0.01151318206686898,1.0645948415541913,0.1996233019376538,4.0,0.0,8.0,0.0,5.0,0.0,4.0,0.0,5.0,0.0,0.001,0.0,2b,4
dx5,task,16,180.0,0.0,0.008590895228884208,0.0022521041192463324,0.008590895228891567,0.002252104119237531,2.1771724018789308e-13,1.2120061935511905e-13,0.010661722578436377,0.009424245375466428,1.0,0.0,0.9999217139711237,3.9595270746411343e-05,128.0,0.0,5.0,0.0,5.0,0.0,0.10638297872340426,0.0,0.12546312309537122,0.04051489252884711,0.9999979999420255,4.485557600872119e-07,0.02671405966666563,0.006988914733645207,0.8887630535062367,7.377825298487624e-05,0.013996316662517338,0.010079803343826818,0.015073586125503318,0.01151318206686898,1.0645948415541913,0.1996233019376538,4.0,0.0,8.0,0.0,5.0,0.0,4.0,0.0,5.0,0.0,0.001,0.0,2b,4
dx8,iso,16,180.0,0.0,0.34076839612018306,0.06187058747409667,0.34076839611846865,0.061870587474613915,2.491546831716887e-11,2.945090451097066e-11,0.012009561741980996,0.0056083183341334225,1.0,0.0,0.8928897015563765,0.03428946930867213,128.0,0.0,8.0,0.0,8.0,0.0,0.1702127659574468,0.0,0.23237364771546554,0.0468423856824016,0.9999954934744562,1.0468159115142334e-06,0.04088817526330896,0.007466724078353587,0.8887148015125756,0.00010422412952024457,0.021083931797096077,0.012465060293103321,0.023926616387140588,0.016338405301664395,1.1403804638780968,0.3036146610486949,4.0,0.0,8.0,0.0,8.0,0.0,4.0,0.0,8.0,0.0,0.001,0.0,2b,4
dx8,task,16,180.0,0.0,0.013030204299853392,0.0024216383630891697,0.013030204299809701,0.0024216383631119743,6.852381310338131e-13,6.478515421043455e-13,0.012009561741980996,0.0056083183341334225,1.0,0.0,0.9998238390605996,7.261108582997828e-05,128.0,0.0,8.0,0.0,8.0,0.0,0.1702127659574468,0.0,0.23237364771546554,0.0468423856824016,0.9999954934744562,1.0468159115142334e-06,0.04088817526330896,0.007466724078353587,0.8887148015125756,0.00010422412952024457,0.021083931797096077,0.012465060293103321,0.023926616387140588,0.016338405301664395,1.1403804638780968,0.3036146610486949,4.0,0.0,8.0,0.0,8.0,0.0,4.0,0.0,8.0,0.0,0.001,0.0,2b,4
