checkpoint,ell,n,candidate_rank_mean,candidate_rank_std,causal_damage_tau_mean,causal_damage_tau_std,causal_max_damage_mean,causal_max_damage_std,causal_max_keep_mean,causal_max_keep_std,causal_mean_damage_mean,causal_mean_damage_std,causal_min_kept_damage_mean,causal_min_kept_damage_std,causal_sum_kept_damage_mean,causal_sum_kept_damage_std,d_x_mean,d_x_std,ell_mean,ell_std,entropy_rank_mean,entropy_rank_std,gamma_mean,gamma_std,hidden_s_mean,hidden_s_std,min_explainable_frac_mean,min_explainable_frac_std,n_causal_mean,n_causal_std,n_heads_mean,n_heads_std,n_layers_mean,n_layers_std,participation_rank_mean,participation_rank_std,s_mean,s_std,val_capture_mean,val_capture_std,val_explainable_frac_mean,val_explainable_frac_std,val_full_resid_ratio_mean,val_full_resid_ratio_std,val_resid_ratio_mean,val_resid_ratio_std,val_total_norm_mean,val_total_norm_std
H1,0.0,16,5.125,0.3415650255319866,0.05,0.0,1.3173472017066135,0.9338354537005489,0.0,0.0,0.7156876282877727,0.2987423267386461,0.36344540518710644,0.15139297539262872,3.628311672553161,1.4438458725549468,5.0,0.0,0.0,0.0,3.5331828502010563,0.39612846836784754,0.95,0.0,4.8125,0.4031128874149275,0.001,0.0,8.0,0.0,1.0,0.0,8.0,0.0,2.934340372445032,0.4944041602921242,5.0,0.0,0.9942227103495227,0.013775124955330892,0.9999979564676211,2.0528519981851047e-06,0.0013178200210406342,0.0005721377652122524,0.03326608102741204,0.07059888723664572,2807.7853963595035,809.1182011413813
H1,1.0,16,16.0,0.0,0.05,0.0,1966.116658676958,7856.480676181859,0.0,0.0,122.88643985398467,491.0309122100001,1966.0785902258665,7856.490836018965,1966.1213715247757,7856.47941860547,5.0,0.0,1.0,0.0,1.906570846959774,0.5047919486126115,0.95,0.0,4.0,2.7325202042558927,0.001,0.0,8.0,0.0,1.0,0.0,8.0,0.0,1.278947920735419,0.17619722860171846,1.0625,0.25,0.959179010263971,0.0077864204705745295,0.9552088671633552,0.023929115325895627,0.20453502203576676,0.05615747000440566,0.2852020250286249,0.05011183489470275,12.10396175066317,3.820223271724308
H1,2.0,16,16.0,0.0,0.05,0.0,0.015493027627282288,0.013458269543774265,0.0,0.0,0.0037936435858217134,0.0016570802859147402,0.0,0.0,0.0,0.0,5.0,0.0,2.0,0.0,13.357037052037771,3.846213072653159,0.95,0.0,13.875,1.2041594578792296,0.001,0.0,8.0,0.0,1.0,0.0,8.0,0.0,8.89557127074648,3.251408275332467,0.0,0.0,0.9628956014262886,0.007966531010587473,0.7640029054730242,0.0653891193846588,0.4812412136601426,0.06853895283172494,0.511099995024026,0.05931165050680565,3.797341076386127,0.5750155647794464
H1,3.0,16,16.0,0.0,0.05,0.0,0.04098869107942197,0.13961437469065394,0.0,0.0,0.004380365900480009,0.008891978049251185,0.03526786024511947,0.14107144098047786,0.03526786024511947,0.14107144098047786,5.0,0.0,3.0,0.0,12.816037968407985,4.8726302369282415,0.95,0.0,13.4375,2.1899391163530857,0.001,0.0,8.0,0.0,1.0,0.0,8.0,0.0,8.415742635390679,3.9736968525699172,0.0625,0.25,0.9623636872270864,0.007466958548275618,0.7712887877380188,0.08000048282055719,0.46984343002745416,0.09213534115679572,0.5021739389853692,0.07839349562751799,4.079353465328152,1.0502734345124318
H1,4.0,16,16.0,0.0,0.05,0.0,0.005073356465914206,0.003157231038105415,0.0,0.0,0.001855659699629991,0.0006265086154407229,0.0,0.0,0.0,0.0,5.0,0.0,4.0,0.0,16.225701357571776,4.969686910787052,0.95,0.0,14.3125,0.7932002689527196,0.001,0.0,8.0,0.0,1.0,0.0,8.0,0.0,11.023634771123824,4.333457206443551,0.0,0.0,0.9642014951768609,0.00721149016577417,0.6983222487779774,0.09027306499737407,0.5431967440989298,0.08400030744245209,0.5668418370137072,0.07638171734119188,3.893630720432136,0.5322397344793818
H1,5.0,16,16.0,0.0,0.05,0.0,2.2152830981204645,3.5676148433194093,0.0,0.0,0.1399697983035732,0.22310927839344105,2.2150798509743272,3.567749354209174,2.2150798509743272,3.567749354209174,5.0,0.0,5.0,0.0,2.7860739244325434,4.475501479300643,0.95,0.0,2.625,3.6124783736376886,0.001,0.0,8.0,0.0,1.0,0.0,8.0,0.0,2.074062313997529,3.4922877629539357,0.9375,0.25,0.9621456935536931,0.01038959304185572,0.9485656887529295,0.1017344040834121,0.18750466620076645,0.1317626609729211,0.27253548456602916,0.11677636190590249,13.885944500118544,5.28216662423395
H1,6.0,16,16.0,0.0,0.05,0.0,0.6685103310913494,0.5508613171673219,0.0,0.0,0.042721341764457015,0.03447116242977225,0.6685103310913494,0.5508613171673219,0.6685103310913494,0.5508613171673219,5.0,0.0,6.0,0.0,1.165805739694515,0.18872122962645022,0.95,0.0,1.0625,0.25,0.001,0.0,8.0,0.0,1.0,0.0,8.0,0.0,1.0419130918660642,0.05197455491784466,1.0,0.0,0.9898948334605875,0.010060353775665668,0.9900692760373628,0.010835148715817724,0.08902339416480796,0.04625216972511628,0.12749857133312276,0.06183111448349785,43.32438006348396,18.336351932896797
H1,7.0,16,16.0,0.0,0.05,0.0,0.010804135438805285,0.00397045716702818,0.0,0.0,0.0009922279250435075,0.0002423040900451566,0.0,0.0,0.0,0.0,5.0,0.0,7.0,0.0,3.548983196405171,1.741724360348846,0.95,0.0,8.3125,3.6827299656640586,0.001,0.0,8.0,0.0,1.0,0.0,8.0,0.0,1.7902659330259039,0.6114961243269292,0.0,0.0,0.9564585336536378,0.006708443044742607,0.8794050154113678,0.05266106300075058,0.3378287981365533,0.08305299665946339,0.3922351107865217,0.07250822027338083,11.233092448649817,3.6938102400366253
H1,8.0,16,16.0,0.0,0.05,0.0,0.0,0.0,0.0,0.0,0.0,0.0,0.0,0.0,0.0,0.0,5.0,0.0,8.0,0.0,3.7009970911430354,1.8228493230762401,0.95,0.0,8.5,3.847076812334269,0.001,0.0,8.0,0.0,1.0,0.0,8.0,0.0,1.8387320919978443,0.6390271546279702,0.0,0.0,0.9556593861761011,0.00648053094143633,0.8742327862270641,0.0547203520046211,0.3450623147618609,0.08453299287489184,0.399384815849237,0.072729657136452,10.977510373028089,3.5855567450403916
H2,0.0,16,6.4375,3.244867742553873,0.05,0.0,49.808839368588295,83.91681318255901,0.0,0.0,12.74674924956325,17.287086338655524,0.5442717713629578,0.2774874756569272,64.70628328646764,85.75151018156008,5.0,0.0,0.0,0.0,3.6161057804027097,0.3080618973598659,0.95,0.0,4.9375,0.25,0.001,0.0,8.0,0.0,2.0,0.0,8.0,0.0,3.0640905783824692,0.3921878363346641,5.0,0.0,0.9979802964313461,0.008075067284656061,0.9999959880537623,6.599097019133981e-06,0.001591706446902167,0.0012557778252201865,0.012866274571723815,0.04452023426409153,3774.4391121838657,1728.0977312259965
H2,1.0,16,16.0,0.0,0.05,0.0,725.8148234870547,2562.631562616809,0.0,0.0,45.36614983489966,160.1648436890639,725.8148234870547,2562.631562616809,725.8148234870547,2562.631562616809,5.0,0.0,1.0,0.0,6.989495309180944,2.7234801930220853,0.95,0.0,10.375,2.825479310370779,0.001,0.0,8.0,0.0,2.0,0.0,8.0,0.0,3.744389631156663,1.6540382489400918,1.0,0.0,0.9567537650182236,0.006010921619981264,0.8697503505993716,0.09352943419816294,0.3409859513159558,0.12210697127032781,0.39842662764662573,0.1000870300674115,8.866516573912346,3.2794207004262255
H2,2.0,16,16.0,0.0,0.05,0.0,0.006901042297339134,0.007678877211604073,0.0,0.0,0.0015302608952628613,0.0004603115401923101,0.0,0.0,0.0,0.0,5.0,0.0,2.0,0.0,12.600420053289323,1.0084488687229702,0.95,0.0,13.375,1.2041594578792296,0.001,0.0,8.0,0.0,2.0,0.0,8.0,0.0,8.224042776469416,1.1995288304815674,0.0,0.0,0.9591513401993238,0.009118467594251231,0.813336914943478,0.1009525056003858,0.420019011046944,0.10454786675647816,0.4604576450200969,0.09196317546226487,5.281985761849577,1.4500656213692151
H2,3.0,16,16.0,0.0,0.05,0.0,0.009970598748936512,0.010397725630514972,0.0,0.0,0.0016013927483934124,0.0006025045375523445,0.0,0.0,0.0,0.0,5.0,0.0,3.0,0.0,11.779723010690526,2.2023287301051946,0.95,0.0,13.125,1.4548768561863463,0.001,0.0,8.0,0.0,2.0,0.0,8.0,0.0,7.148709489423783,2.0247444897083193,0.0,0.0,0.9596960343765606,0.012760853653608264,0.8136358042885885,0.08076981677289914,0.42355656898863736,0.08618756957823516,0.463970834689077,0.07034428402567751,5.3396172580846,1.4724726993928745
H2,4.0,16,16.0,0.0,0.05,0.0,0.010970173565140054,0.01116172539096861,0.0,0.0,0.0013954489728600754,0.0006023040517135686,0.0,0.0,0.0,0.0,5.0,0.0,4.0,0.0,13.805815516734157,2.3051108690325646,0.95,0.0,13.625,1.2583057392117916,0.001,0.0,8.0,0.0,2.0,0.0,8.0,0.0,8.426871844571505,2.225642664491503,0.0,0.0,0.9638231484528978,0.011265461850866845,0.7659590693811487,0.0880796314090141,0.4764545181756814,0.08660729902285914,0.5071165862637294,0.07444076122093038,5.083868972971308,1.2610476685934393
H2,5.0,16,16.0,0.0,0.05,0.0,0.39347143592831013,0.3375954662914476,0.0,0.0,0.025269112243675226,0.021153381037871434,0.39123485473076036,0.3402723972895777,0.39123485473076036,0.3402723972895777,5.0,0.0,5.0,0.0,5.6053345342678345,4.7312018885431915,0.95,0.0,8.6875,4.158825956124316,0.001,0.0,8.0,0.0,2.0,0.0,8.0,0.0,3.2717453116254536,3.4479722946774496,0.8125,0.4031128874149275,0.9603218490964434,0.012866011025242456,0.859677894850936,0.1577208149242653,0.33090679803162837,0.18132194914900956,0.39035466111521755,0.15610630577349677,10.123488627768495,4.712543842210233
H2,6.0,16,16.0,0.0,0.05,0.0,0.23547073411777306,0.15260499329737143,0.0,0.0,0.015230904391263168,0.009479100967470455,0.23547073411777306,0.15260499329737143,0.23547073411777306,0.15260499329737143,5.0,0.0,6.0,0.0,4.295848356393571,1.5986347882327137,0.95,0.0,8.875,3.5,0.001,0.0,8.0,0.0,2.0,0.0,8.0,0.0,2.0160206626574304,0.569180839780579,1.0,0.0,0.9569734047148537,0.0062405960062929,0.8815282775067111,0.06906215237525797,0.3297906737638444,0.10177011475761082,0.38623978601037734,0.08706169540782803,10.541366307596231,3.7008520521263124
H2,7.0,16,16.0,0.0,0.05,0.0,0.10379931442446033,0.038145847736859056,0.0,0.0,0.006788743557219277,0.002417141906795565,0.10379931442446033,0.038145847736859056,0.10379931442446033,0.038145847736859056,5.0,0.0,7.0,0.0,3.2064253893279067,1.3917330274883193,0.95,0.0,7.3125,3.9617967304410424,0.001,0.0,8.0,0.0,2.0,0.0,8.0,0.0,1.659047218680207,0.5011112350394528,1.0,0.0,0.955829437475926,0.005111416069549444,0.8986899806256228,0.06751958554482657,0.3022527114813585,0.10303820793750158,0.36604460912609754,0.08577268465228273,13.65658938307859,5.238955248887679
H2,8.0,16,16.0,0.0,0.05,0.0,0.0,0.0,0.0,0.0,0.0,0.0,0.0,0.0,0.0,0.0,5.0,0.0,8.0,0.0,5.0671084564952,1.7088473313166799,0.95,0.0,10.125,3.630886025935451,0.001,0.0,8.0,0.0,2.0,0.0,8.0,0.0,2.2830828808281503,0.6629311028581594,0.0,0.0,0.9572934116177914,0.005006699254124777,0.8462474558973085,0.08102184228284934,0.3786149695677301,0.10534134444762791,0.42785118229731434,0.08671071146720609,10.527862350712361,3.173285671972583
H8,0.0,16,6.625,3.5378901433858383,0.05,0.0,129.49182982787949,183.54272624147825,0.0,0.0,30.49219878622373,42.58156105943558,0.6577592958952563,1.0108447152984623,157.145663791936,211.5848795997131,5.0,0.0,0.0,0.0,3.430973253906147,0.36383668653686335,0.95,0.0,4.75,0.4472135954999579,0.001,0.0,8.0,0.0,8.0,0.0,8.0,0.0,2.8251012180724757,0.4528160768305265,5.0,0.0,0.9929111721922188,0.013315689855170697,0.9999945336062317,8.069520487664333e-06,0.0019445528377678737,0.0013406895855335131,0.04298645865545041,0.07480734364852917,2750.806768977731,1502.6252929970174
H8,1.0,16,16.0,0.0,0.05,0.0,8.74124978095634,33.5921869569121,0.0,0.0,0.5480956263605807,2.099811345024819,8.74124978095634,33.5921869569121,8.74124978095634,33.5921869569121,5.0,0.0,1.0,0.0,4.95532027128993,1.7485981337547363,0.95,0.0,11.3125,2.676284738214527,0.001,0.0,8.0,0.0,8.0,0.0,8.0,0.0,2.6076683745694353,0.8493435226277398,1.0,0.0,0.9580913471726312,0.0043258272710117235,0.8373158510978489,0.06559501812914294,0.39485077199681845,0.08502245510854155,0.439412030749504,0.07129624391176152,6.791606206675546,1.9934694253075331
H8,2.0,16,16.0,0.0,0.05,0.0,0.0042873656470621795,0.0031013550650000297,0.0,0.0,0.0012676227460330302,0.00041776968516143146,0.0,0.0,0.0,0.0,5.0,0.0,2.0,0.0,11.349358460522463,1.5137102815088492,0.95,0.0,14.0,0.8944271909999159,0.001,0.0,8.0,0.0,8.0,0.0,8.0,0.0,7.476952117290853,1.8825538296507014,0.0,0.0,0.9651178562950623,0.008568003345019825,0.752257499349632,0.09530530391927941,0.4889570973304218,0.09613023177891201,0.5172736630012894,0.08468502080947185,3.9690704264259242,1.0205349182272645
H8,3.0,16,16.0,0.0,0.05,0.0,0.004237228896588823,0.0033704059362294654,0.0,0.0,0.001016250326087111,0.0003979086980094205,0.0,0.0,0.0,0.0,5.0,0.0,3.0,0.0,11.16089354843319,2.1229577667166177,0.95,0.0,13.8125,1.2763881332363862,0.001,0.0,8.0,0.0,8.0,0.0,8.0,0.0,7.1087770806781325,2.240324333743184,0.0,0.0,0.9631733129290956,0.012599977028808735,0.7518135273982126,0.0941589248621932,0.48962177119485384,0.0949778572017877,0.5197291453069665,0.08216942965112087,4.037604281300887,1.0421181360834786
H8,4.0,16,16.0,0.0,0.05,0.0,0.004073415325948862,0.0035785329888692046,0.0,0.0,0.0008729900566049083,0.00032300344171702855,0.0,0.0,0.0,0.0,5.0,0.0,4.0,0.0,12.83290966247549,2.858909518467926,0.95,0.0,13.8125,1.3768926368215255,0.001,0.0,8.0,0.0,8.0,0.0,8.0,0.0,8.046942265957188,2.712828218643788,0.0,0.0,0.9619492230023337,0.012840007372786297,0.7185490059956277,0.10878462331529506,0.5206060282683784,0.1054279271536843,0.5485974919239192,0.09349677551665012,4.188171306479591,1.0984268940230402
H8,5.0,16,16.0,0.0,0.05,0.0,0.1760882401922606,0.1350347242309497,0.0,0.0,0.011574864713190854,0.008458396878173182,0.17582237497504857,0.13540226047685427,0.17582237497504857,0.13540226047685427,5.0,0.0,5.0,0.0,4.345003164468768,5.57991548843705,0.95,0.0,5.375,5.596129614891588,0.001,0.0,8.0,0.0,8.0,0.0,8.0,0.0,3.1854759328169386,4.39444089367593,0.8125,0.4031128874149275,0.9692414182278856,0.01762446210189694,0.8900204529841336,0.17229727832465574,0.2607935476630845,0.21157510253812767,0.3329904902595895,0.17541557895537413,12.795556233395398,6.852475871371147
H8,6.0,16,16.0,0.0,0.05,0.0,0.048401062649478674,0.022479498636438916,0.0,0.0,0.0035514979070623213,0.0014355173867510397,0.022328047471591828,0.03676298061103196,0.022328047471591828,0.03676298061103196,5.0,0.0,6.0,0.0,2.1082958659682536,0.8283118847408635,0.95,0.0,3.75,3.0,0.001,0.0,8.0,0.0,8.0,0.0,8.0,0.0,1.3251025881226708,0.26343730445109376,0.3125,0.47871355387816905,0.9588139403891162,0.00795466678328336,0.9472739061634048,0.034600030857929426,0.21924901609760872,0.07047240804224338,0.2970276654413915,0.060442834663524375,13.46177794008931,4.928821424217633
H8,7.0,16,16.0,0.0,0.05,0.0,0.013516610054926732,0.005603951881062217,0.0,0.0,0.0010133170134882293,0.0003542395663074391,0.0,0.0,0.0,0.0,5.0,0.0,7.0,0.0,3.5799744376194393,1.7734344185737407,0.95,0.0,8.875,3.7925365302569376,0.001,0.0,8.0,0.0,8.0,0.0,8.0,0.0,1.825884349111638,0.671378811553106,0.0,0.0,0.957130799794736,0.006928047912223681,0.8727929472614324,0.06714944536423757,0.34527229638259316,0.09234193898332035,0.39918950870903275,0.07636782739866886,12.030124187243171,3.880596661829377
H8,8.0,16,16.0,0.0,0.05,0.0,0.0,0.0,0.0,0.0,0.0,0.0,0.0,0.0,0.0,0.0,5.0,0.0,8.0,0.0,3.4871980276060173,1.540513202527135,0.95,0.0,8.8125,3.581782610191002,0.001,0.0,8.0,0.0,8.0,0.0,8.0,0.0,1.7771583884761348,0.5510112391234969,0.0,0.0,0.9553796810315247,0.004370032083754701,0.8739588780025098,0.0625125772594694,0.34475281758807386,0.08755412352788786,0.3999696873978945,0.07345997488169442,12.005058950126356,3.697090219048158
L12,0.0,16,5.8125,2.286737122335374,0.05,0.0,0.6810611305425313,0.1725281095390816,0.0,0.0,0.4725803897145595,0.14016228303106926,0.3611118581402198,0.08208659284952417,2.503081479052325,0.4520484460801235,5.0,0.0,0.0,0.0,3.5760985844228492,0.3926060267599244,0.95,0.0,4.75,0.4472135954999579,0.001,0.0,8.0,0.0,4.0,0.0,12.0,0.0,2.9823865731571644,0.45760728001078155,5.0,0.0,0.9921203046665572,0.01603426300948007,0.9999969247083157,4.192365188889987e-06,0.001495118950817287,0.0009465226222059289,0.043872419843827684,0.07971911879440632,5620.147985565899,2494.4019379210235
L12,1.0,16,16.0,0.0,0.05,0.0,0.08830891565326224,0.028189059356203087,0.0,0.0,0.008245983134197585,0.002134717522364535,0.08541558361027005,0.03446598108004177,0.08541558361027005,0.03446598108004177,5.0,0.0,1.0,0.0,7.7888494377094775,1.8429344592528922,0.95,0.0,10.5625,2.1281838892977896,0.001,0.0,8.0,0.0,4.0,0.0,12.0,0.0,4.2770025625005905,1.2168430561431711,0.9375,0.25,0.9563398335756286,0.005891050309016406,0.8634430054342255,0.06811410539178209,0.36015319472379925,0.08545826830919462,0.4121230357870148,0.07015970527026562,11.30332983307227,2.7759420000507604
L12,10.0,16,16.0,0.0,0.05,0.0,0.2033929463293027,0.23578474212221098,0.0,0.0,0.013382990767883718,0.014702929088065746,0.2033929463293027,0.23578474212221098,0.2033929463293027,0.23578474212221098,5.0,0.0,10.0,0.0,3.152812351783373,0.6821605425996147,0.95,0.0,6.0625,1.8062391868188443,0.001,0.0,8.0,0.0,4.0,0.0,12.0,0.0,1.6307353806551608,0.21468582877007766,1.0,0.0,0.9548183719511254,0.0028250706009410923,0.933999975497823,0.02325002788870445,0.2533565139532399,0.04394543695248559,0.3271559784920322,0.034912391069269105,19.898367375451414,4.059847831152621
L12,11.0,16,16.0,0.0,0.05,0.0,0.03795123314968121,0.014425540974772054,0.0,0.0,0.002649481303389854,0.0009415430407566122,0.00855720028184918,0.023461677383730624,0.00855720028184918,0.023461677383730624,5.0,0.0,11.0,0.0,3.754837382695497,0.7887147651823976,0.95,0.0,7.4375,1.75,0.001,0.0,8.0,0.0,4.0,0.0,12.0,0.0,1.8161023199119213,0.2535854709592681,0.125,0.3415650255319866,0.9536126946878201,0.002835255987687079,0.9159631850711804,0.026643485525707424,0.28652929734336124,0.045463851636051864,0.3539697598067871,0.036103336556665096,18.152605764607276,3.559310010798087
L12,12.0,16,16.0,0.0,0.05,0.0,0.0,0.0,0.0,0.0,0.0,0.0,0.0,0.0,0.0,0.0,5.0,0.0,12.0,0.0,4.027961552795075,0.883324403168813,0.95,0.0,8.125,1.8211717839530315,0.001,0.0,8.0,0.0,4.0,0.0,12.0,0.0,1.906233082796406,0.28954819493443124,0.0,0.0,0.9544641533438472,0.003062481328854518,0.9089718293569446,0.030969256828201962,0.29771110079626795,0.050557121286467284,0.3617947295569496,0.04033404839316706,18.077877552452385,3.7759572747765153
L12,2.0,16,16.0,0.0,0.05,0.0,0.014093614614273919,0.029934603471105492,0.0,0.0,0.0031353981431043692,0.0027818003494968083,0.007806828721391227,0.03122731488556491,0.007806828721391227,0.03122731488556491,5.0,0.0,2.0,0.0,11.277238188945024,1.161629700187836,0.95,0.0,12.5,1.0954451150103321,0.001,0.0,8.0,0.0,4.0,0.0,12.0,0.0,6.920195701871983,1.1406587923485227,0.0625,0.25,0.9551899982809059,0.004231652792059437,0.8217891245171949,0.0822159022059125,0.4128101829034905,0.09120601368459333,0.4573324888580525,0.0792729344813582,7.457661289058675,1.932592047805183
L12,3.0,16,16.0,0.0,0.05,0.0,0.01206502274637968,0.01282596500737927,0.0,0.0,0.002597760521611805,0.0016036088538153794,0.0,0.0,0.0,0.0,5.0,0.0,3.0,0.0,11.031345331719823,1.6570839382261602,0.95,0.0,12.4375,1.2632629707758134,0.001,0.0,8.0,0.0,4.0,0.0,12.0,0.0,6.6288146892495465,1.5270105495261743,0.0,0.0,0.9574479542774239,0.004304926529360118,0.8351309310866684,0.0776624524260665,0.3965253891356504,0.09025406914044284,0.441256587790446,0.0781703778588048,7.940395762535935,2.216549228881431
L12,4.0,16,16.0,0.0,0.05,0.0,0.016416192145359186,0.018238316389716507,0.0,0.0,0.0023510026608528087,0.0014746064743859312,0.003873329066612972,0.015493316266451887,0.003873329066612972,0.015493316266451887,5.0,0.0,4.0,0.0,12.002757500304863,2.8925216649124317,0.95,0.0,12.3125,1.579820664927932,0.001,0.0,8.0,0.0,4.0,0.0,12.0,0.0,7.021921071509841,2.3612520667217898,0.0625,0.25,0.9584380093848472,0.006374151471932774,0.8303487342247599,0.0757532284424326,0.4025369557538595,0.09012740628030302,0.44608729713922,0.07575226743338481,8.812951749898204,2.5807906288656497
L12,5.0,16,16.0,0.0,0.05,0.0,0.19247797580716564,0.10873020311224114,0.0,0.0,0.013059845563462506,0.006937218933429199,0.19027145029111264,0.11250568642795669,0.19027145029111264,0.11250568642795669,5.0,0.0,5.0,0.0,4.281153112008209,3.4315983627097406,0.95,0.0,6.5625,3.444198019858905,0.001,0.0,8.0,0.0,4.0,0.0,12.0,0.0,2.374310094567459,2.1400642090352777,0.875,0.3415650255319866,0.9562104180396694,0.003678787618684232,0.9320800292037229,0.08449937727359962,0.23249505795161143,0.1216158710008834,0.31599500503656863,0.09771959286541362,17.474584329349604,5.8500508700033285
L12,6.0,16,16.0,0.0,0.05,0.0,0.30959558351795646,0.21021734622706378,0.0,0.0,0.020285133525914826,0.01333944719841983,0.30959558351795646,0.21021734622706378,0.30959558351795646,0.21021734622706378,5.0,0.0,6.0,0.0,2.641786606141604,0.6320850531310588,0.95,0.0,4.6875,1.352466881911223,0.001,0.0,8.0,0.0,4.0,0.0,12.0,0.0,1.5077475272920111,0.21756885729574824,1.0,0.0,0.9568004499772429,0.0038611322934549545,0.9660884418059505,0.014196303018532292,0.18089293215282898,0.03561730352808569,0.27390778473263444,0.025599946736982414,20.028013353023937,4.393185076457257
L12,7.0,16,16.0,0.0,0.05,0.0,0.42335021237743486,0.4264640691678638,0.0,0.0,0.027294443398484306,0.02678101489034731,0.42335021237743486,0.4264640691678638,0.42335021237743486,0.4264640691678638,5.0,0.0,7.0,0.0,2.539268559852978,0.5120575213029308,0.95,0.0,4.5,1.3662601021279464,0.001,0.0,8.0,0.0,4.0,0.0,12.0,0.0,1.4632440282976642,0.1682152870241313,1.0,0.0,0.9567236287381666,0.0031805760694887894,0.964498647158017,0.012908225750716939,0.1857176481281832,0.03282776086532614,0.2768947945040589,0.024328040690830655,20.721233561121693,4.370288259916556
L12,8.0,16,16.0,0.0,0.05,0.0,0.7825788813388501,1.8680351728639213,0.0,0.0,0.04965111951540135,0.11675846402805037,0.7825788813388501,1.8680351728639213,0.7825788813388501,1.8680351728639213,5.0,0.0,8.0,0.0,2.4394206971591865,0.4749452320200623,0.95,0.0,4.0625,1.526160760426852,0.001,0.0,8.0,0.0,4.0,0.0,12.0,0.0,1.4247083896938664,0.15112350094325766,1.0,0.0,0.9556547548944747,0.0037901043078444273,0.9625784581939582,0.013362297955148901,0.19076007271148565,0.03318049973741595,0.2820235172482003,0.02442712319211364,21.872612305853174,4.5515020351949165
L12,9.0,16,16.0,0.0,0.05,0.0,0.27974219123750654,0.25719995138744767,0.0,0.0,0.018174782469886602,0.016193650228992936,0.27974219123750654,0.25719995138744767,0.27974219123750654,0.25719995138744767,5.0,0.0,9.0,0.0,2.673630745543504,0.525634782382363,0.95,0.0,4.5625,1.5903353943953669,0.001,0.0,8.0,0.0,4.0,0.0,12.0,0.0,1.48789115497776,0.1639446458858846,1.0,0.0,0.953050535267487,0.0024964539270240925,0.9506090699821117,0.017726636304006192,0.21906714721275408,0.038650778758191624,0.3054428858224114,0.027705824881735838,21.39254912553634,4.494623712152209
L2,0.0,16,6.5,3.286335345030997,0.05,0.0,0.6374772147652699,0.10598797929001,0.0,0.0,0.43001697881971834,0.13978505009131367,0.32149456765994444,0.07707633752078576,2.403279723827549,0.38990573073467766,5.0,0.0,0.0,0.0,3.6184078379082742,0.4729523801188507,0.95,0.0,4.9375,0.25,0.001,0.0,8.0,0.0,4.0,0.0,2.0,0.0,3.0663844199856323,0.5567583464876379,5.0,0.0,0.997589629918882,0.009638375886968826,0.9999954016348198,7.1481699676190104e-06,0.0017581030455629289,0.0012680436844009957,0.014045756128860198,0.04863669478392227,2062.869293796539,975.3117061473067
L2,1.0,16,16.0,0.0,0.05,0.0,0.8386591976201134,0.3922692287099661,0.0,0.0,0.15884643666457826,0.1093364783504418,0.06448836978668011,0.03469458038063278,2.3938556159699065,1.8363127878539154,5.0,0.0,1.0,0.0,10.470019097610711,1.8212970281484693,0.95,0.0,12.3125,0.704154339142587,0.001,0.0,8.0,0.0,4.0,0.0,2.0,0.0,5.923584218274971,1.2300315510818387,11.25,4.041451884327381,0.9591190887332526,0.004022946561809113,0.9102698311236892,0.0458748428760442,0.29207863713721177,0.06866528364463027,0.35195840429739167,0.05703104041520357,21.554282920515988,13.303631122509222
L2,2.0,16,16.0,0.0,0.05,0.0,0.0,0.0,0.0,0.0,0.0,0.0,0.0,0.0,0.0,0.0,5.0,0.0,2.0,0.0,12.230180143165104,3.3929912561471607,0.95,0.0,13.0625,1.4361406616345072,0.001,0.0,8.0,0.0,4.0,0.0,2.0,0.0,8.19589661797317,2.8777919108022925,0.0,0.0,0.9603417450029259,0.006348894556953741,0.9340598251653831,0.03279661545987872,0.24719116265546737,0.07182722930034946,0.3174745913575334,0.04901825812751212,69.72964478611601,57.77275103016496
L4,0.0,16,5.3125,1.0144785195688801,0.05,0.0,0.6252405197036344,0.08522341483101716,0.0,0.0,0.4181255417251962,0.07979470135588154,0.27129904901914315,0.06926341727299565,2.1623355818628394,0.27150041737289987,5.0,0.0,0.0,0.0,3.330106413382725,0.3611350242049287,0.95,0.0,4.75,0.4472135954999579,0.001,0.0,8.0,0.0,4.0,0.0,4.0,0.0,2.681764459893376,0.40584273106062546,5.0,0.0,0.9907650220385805,0.016629799346754667,0.9999962161032656,3.3887050023358744e-06,0.0017760229625871518,0.0008195212720647319,0.049322041201654745,0.08520445500350239,2170.5794096562827,1066.8878712675614
L4,1.0,16,16.0,0.0,0.05,0.0,0.2708302175373027,0.1287023326041079,0.0,0.0,0.02544871035134173,0.009522480710669813,0.23879050269431742,0.1132833162667129,0.2741477712521995,0.1372130820689964,5.0,0.0,1.0,0.0,5.405668519150806,1.8085520807112172,0.95,0.0,10.6875,1.9568256607747831,0.001,0.0,8.0,0.0,4.0,0.0,4.0,0.0,2.7632624446804677,0.869146718878411,1.0625,0.25,0.9564590624399689,0.00385677906193421,0.860205604534073,0.07456596601922855,0.36265783079798447,0.09394292296526056,0.41349379202604103,0.0812980064883973,7.0849184897506685,1.7646179743867692
L4,2.0,16,16.0,0.0,0.05,0.0,0.014793974470459477,0.01326811652856071,0.0,0.0,0.0033378224617687307,0.0011877126492704198,0.0,0.0,0.0,0.0,5.0,0.0,2.0,0.0,12.836403639371607,1.9661788977180212,0.95,0.0,13.5,0.6324555320336759,0.001,0.0,8.0,0.0,4.0,0.0,4.0,0.0,8.067896764683722,2.0449563230805587,0.0,0.0,0.960328739037843,0.005543907637292229,0.8125114380615519,0.05844459964636818,0.4285704865817809,0.06379885030903991,0.4654099030664133,0.05738788899419166,4.852945931364072,0.7494141655428499
L4,3.0,16,16.0,0.0,0.05,0.0,0.006962744107403492,0.004993150188728493,0.0,0.0,0.00214204952977099,0.0005232871016573826,0.0,0.0,0.0,0.0,5.0,0.0,3.0,0.0,15.92519977534866,1.398951517518925,0.95,0.0,14.625,0.5,0.001,0.0,8.0,0.0,4.0,0.0,4.0,0.0,10.858655646945666,1.8609291921497426,0.0,0.0,0.9634067905047148,0.00860832431449837,0.7011094181564781,0.05898557014949694,0.5443051581385325,0.052889587303183674,0.5677734760167251,0.04855113345920712,6.252158947379035,0.7682197046963415
L4,4.0,16,16.0,0.0,0.05,0.0,0.0,0.0,0.0,0.0,0.0,0.0,0.0,0.0,0.0,0.0,5.0,0.0,4.0,0.0,11.542799980576877,3.8792712999644876,0.95,0.0,11.875,2.187083293643233,0.001,0.0,8.0,0.0,4.0,0.0,4.0,0.0,6.784797458972444,2.618822624120212,0.0,0.0,0.9578192233529101,0.005919743354975298,0.8634685692027619,0.08845626707955077,0.3473978548514513,0.13000989189787318,0.4041722242237092,0.10240405355169648,16.51502185319821,10.591262768888836
L6,0.0,16,6.9375,3.5864327680858596,0.05,0.0,0.9117394412980391,0.5936478731614859,0.0,0.0,0.4909073369552189,0.22278467307060612,0.34056520410910845,0.08462770046253484,2.8114627236592327,0.7274414392632507,5.0,0.0,0.0,0.0,3.698023605094938,0.4195719676421759,0.95,0.0,4.9375,0.25,0.001,0.0,8.0,0.0,4.0,0.0,6.0,0.0,3.17443212981133,0.4889397725073462,5.0,0.0,0.9970298496594415,0.011877278709171445,0.9999952933458529,6.053865448807022e-06,0.0018287830896015385,0.0012054129287455502,0.015502767912574903,0.05400759631175518,2655.7619957111747,1338.6738561703132
L6,1.0,16,16.0,0.0,0.05,0.0,3.5600505226830794,9.21045900586953,0.0,0.0,0.22632873042105234,0.575734872411326,3.4767109677133172,9.237230835978027,3.564663372445575,9.209327351986445,5.0,0.0,1.0,0.0,4.806676454356486,2.3214579277809504,0.95,0.0,9.75,3.4351128074635335,0.001,0.0,8.0,0.0,4.0,0.0,6.0,0.0,2.5262860327813916,1.2091114453491039,1.0625,0.25,0.9555700048488023,0.005860668468587923,0.8528108209406927,0.09723164987193433,0.3637412064087261,0.12599053433062224,0.4190631146846152,0.10234683654633848,7.872172394257198,3.028466912864365
L6,2.0,16,16.0,0.0,0.05,0.0,0.007122564777632838,0.006026221240725027,0.0,0.0,0.0023527370281047778,0.0022642090685306457,0.0,0.0,0.0,0.0,5.0,0.0,2.0,0.0,12.393999886758596,1.939371491469316,0.95,0.0,13.9375,1.691892431568863,0.001,0.0,8.0,0.0,4.0,0.0,6.0,0.0,8.219895273315743,1.8717301169659604,0.0,0.0,0.9653298090578765,0.015858473450010586,0.755088222849477,0.09611500902112188,0.48461210333295485,0.10360379119788425,0.5152495651739013,0.08442352877803451,4.179613445547298,1.2978361279968007
L6,3.0,16,16.0,0.0,0.05,0.0,0.006917094609462144,0.012739284317005963,0.0,0.0,0.0017702346310751699,0.0022418738282996625,0.003350862532668193,0.013403450130672772,0.003350862532668193,0.013403450130672772,5.0,0.0,3.0,0.0,12.457587905310099,2.3831002940774693,0.95,0.0,14.0625,1.5692354826475214,0.001,0.0,8.0,0.0,4.0,0.0,6.0,0.0,8.211257671982121,2.152798400998334,0.0625,0.25,0.9626111449819638,0.010140319232594175,0.742488443505106,0.09288073457056717,0.49817570810334094,0.09977318464360731,0.5271833249072998,0.08829318109682573,4.145275533136193,1.5958896786692038
L6,4.0,16,16.0,0.0,0.05,0.0,0.003348039857105105,0.002679321635467772,0.0,0.0,0.0012145100158764775,0.0008330502790578921,0.0,0.0,0.0,0.0,5.0,0.0,4.0,0.0,14.807543609229958,1.7636109790702281,0.95,0.0,14.375,0.9574271077563381,0.001,0.0,8.0,0.0,4.0,0.0,6.0,0.0,9.682518675116452,1.9226716437272406,0.0,0.0,0.9656829770345129,0.011962759344752529,0.7020074015210029,0.08684698965853736,0.540294215378805,0.0804968524908863,0.5640628027289544,0.06996616479968122,4.051843682928068,0.7970256386320821
L6,5.0,16,16.0,0.0,0.05,0.0,0.008200236029292447,0.006084130218277858,0.0,0.0,0.0010922347881346902,0.0007658847388184942,0.0,0.0,0.0,0.0,5.0,0.0,5.0,0.0,7.5423361171651155,5.114553050237517,0.95,0.0,11.9375,3.623419195548131,0.001,0.0,8.0,0.0,4.0,0.0,6.0,0.0,4.855659992028537,4.784160495452076,0.0,0.0,0.9634581049932318,0.014921530629151787,0.7259554492739109,0.19395290316608813,0.4912487935126536,0.1868166262363459,0.5267549676632889,0.16282236919346546,10.051299138538734,5.14611521846988
L6,6.0,16,16.0,0.0,0.05,0.0,0.0,0.0,0.0,0.0,0.0,0.0,0.0,0.0,0.0,0.0,5.0,0.0,6.0,0.0,5.1352310189501384,1.9586268674439653,0.95,0.0,10.875,3.4809002666934696,0.001,0.0,8.0,0.0,4.0,0.0,6.0,0.0,2.3638327478193673,0.7812986420552244,0.0,0.0,0.9571126107485614,0.004139366864077394,0.8100586832870426,0.08653059205064484,0.42237598673325943,0.11094667809502808,0.46502608432427534,0.09445893455204547,10.84031790796968,4.433389159393359
L8,0.0,16,6.875,3.4034296427770228,0.05,0.0,193.00577073000042,314.2243738426815,0.0,0.0,45.53933062359187,64.29211799953522,1.4215010099196919,2.1248671393178276,230.69941544201345,319.34914374377456,5.0,0.0,0.0,0.0,3.5467983142042856,0.45021582197610843,0.95,0.0,4.4375,0.51234753829798,0.001,0.0,8.0,0.0,4.0,0.0,8.0,0.0,2.978755314201595,0.5310641110826758,5.0,0.0,0.9787762548836294,0.02051201006750631,0.9999947410643004,7.353479573292037e-06,0.0018762842167704143,0.0013617609139204613,0.10926912090146906,0.09954111065982545,2939.2799002260804,1754.8487706618803
L8,1.0,16,16.0,0.0,0.05,0.0,3.596366544933809,13.023795405003753,0.0,0.0,0.22677518383929485,0.8140152139098746,3.596366544933809,13.023795405003753,3.596366544933809,13.023795405003753,5.0,0.0,1.0,0.0,4.388269043908822,1.9492225516154196,0.95,0.0,9.5625,3.79418414594407,0.001,0.0,8.0,0.0,4.0,0.0,8.0,0.0,2.2772815262007837,0.992599596455562,1.0,0.0,0.9580903377983282,0.005728715164400859,0.863896210885933,0.1060910718401823,0.345216324922894,0.13438046731386852,0.4000108701744248,0.1139882639336268,8.166184901986881,2.9840892694730554
L8,2.0,16,16.0,0.0,0.05,0.0,0.0032585285856239566,0.001025990470707142,0.0,0.0,0.0014217386522843414,0.0004149990946805945,0.0,0.0,0.0,0.0,5.0,0.0,2.0,0.0,12.791726152186367,1.4610781124170862,0.95,0.0,14.0,1.3662601021279464,0.001,0.0,8.0,0.0,4.0,0.0,8.0,0.0,8.774004519026494,1.7470498166677744,0.0,0.0,0.9640055589794553,0.014949789842886786,0.740696043144442,0.11107390475807394,0.4985743205389327,0.10697091818932043,0.5276940700442281,0.09345274380622258,3.9999914168081756,1.0335215658866546
L8,3.0,16,16.0,0.0,0.05,0.0,0.003016084178892476,0.001540484216705622,0.0,0.0,0.001100990484506693,0.0004284047106618115,0.0,0.0,0.0,0.0,5.0,0.0,3.0,0.0,13.11534410146518,1.3550894552920618,0.95,0.0,14.25,1.0645812948447542,0.001,0.0,8.0,0.0,4.0,0.0,8.0,0.0,8.878877183274,1.7367637022220828,0.0,0.0,0.9665706830497355,0.01401631274175276,0.7333927101183857,0.10007946407901111,0.5080137635022995,0.09538305075860587,0.533656203521454,0.08510067102135732,3.938361299054188,1.0202895417515736
L8,4.0,16,16.0,0.0,0.05,0.0,0.002305143207444257,0.0007482897334539395,0.0,0.0,0.0008827109806396475,0.0002571133954738078,0.0,0.0,0.0,0.0,5.0,0.0,4.0,0.0,14.680266054779096,1.801021603267921,0.95,0.0,14.1875,1.1086778913041726,0.001,0.0,8.0,0.0,4.0,0.0,8.0,0.0,9.83361108707511,2.0009228405210457,0.0,0.0,0.9644773696355518,0.012035630623714369,0.7053575320667487,0.10315474070694731,0.5345633700214967,0.09734870032724455,0.559822459044994,0.08576376354442408,4.083836827104689,1.007657038882723
L8,5.0,16,16.0,0.0,0.05,0.0,1.2900072021347795,1.7695049619604788,0.0,0.0,0.0813128050739937,0.11062989565976639,1.2896867131796663,1.769753943316818,1.2896867131796663,1.769753943316818,5.0,0.0,5.0,0.0,4.551014513723618,5.809653762019921,0.95,0.0,5.5,5.378971401051816,0.001,0.0,8.0,0.0,4.0,0.0,8.0,0.0,3.3751209803688518,4.610620352925772,0.8125,0.4031128874149275,0.9641259230121714,0.015874193350219275,0.8742304512503081,0.19432349236331417,0.2822084267285914,0.2218178294800592,0.35526303383341185,0.18699060120982028,12.479178613745141,6.168865622251279
L8,6.0,16,16.0,0.0,0.05,0.0,0.06151819934687226,0.02045067170162066,0.0,0.0,0.00452017918658413,0.0012735999736661124,0.04912172362796973,0.03674394301588267,0.04912172362796973,0.03674394301588267,5.0,0.0,6.0,0.0,2.0747500661565264,0.402261689053617,0.95,0.0,3.875,2.5,0.001,0.0,8.0,0.0,4.0,0.0,8.0,0.0,1.3055791077624246,0.12063701416076476,0.6875,0.47871355387816905,0.9587024563139551,0.007227628768418336,0.9463022179015317,0.029252398862459533,0.22356734695561375,0.06295330310583538,0.3001621884048571,0.05242432282827934,13.261893745993122,4.084282609449368
L8,7.0,16,16.0,0.0,0.05,0.0,0.008332955105400395,0.0032536046323169486,0.0,0.0,0.0007118084701025362,0.00019718144410456784,0.0,0.0,0.0,0.0,5.0,0.0,7.0,0.0,3.35199349049921,0.8533111507868057,0.95,0.0,7.9375,3.660031875999625,0.001,0.0,8.0,0.0,4.0,0.0,8.0,0.0,1.7032405473551675,0.2733605985341412,0.0,0.0,0.9543801799959915,0.003044926478650146,0.8805078569399374,0.05817254089380599,0.3357923791004347,0.08476238913181065,0.3940608715094069,0.06866519141944799,12.04546926360389,3.2748289803226625
L8,8.0,16,16.0,0.0,0.05,0.0,0.0,0.0,0.0,0.0,0.0,0.0,0.0,0.0,0.0,0.0,5.0,0.0,8.0,0.0,3.4369649699277645,0.8683482160483986,0.95,0.0,8.0,3.4641016151377544,0.001,0.0,8.0,0.0,4.0,0.0,8.0,0.0,1.731370320476636,0.2804005235975227,0.0,0.0,0.9530516214106819,0.0025220992234629667,0.8772125319420989,0.05877711189744516,0.3407146627899541,0.0845441840637695,0.3993039826851551,0.06927845056012648,11.907727321633933,3.179058897971184
