basis,rank,n,E_model_to_T_mean,E_model_to_T_std,E_model_to_operator_mean,E_model_to_operator_std,E_model_to_zero_mean,E_model_to_zero_std,E_operator_to_T_mean,E_operator_to_T_std,E_zero_to_T_mean,E_zero_to_T_std,R_sub_mean,R_sub_std,R_use_mean,R_use_std,X_sub_mean,X_sub_std,X_use_mean,X_use_std,cos_res_mean,cos_res_std,kernel_lengthscale_mean,kernel_lengthscale_std,kernel_signal_var_mean,kernel_signal_var_std,point_model_to_T_mean,point_model_to_T_std,point_model_to_operator_mean,point_model_to_operator_std,point_operator_to_T_mean,point_operator_to_T_std,r_eff_T_task_mean,r_eff_T_task_std,rank_mean,rank_std,selected_rank_mean,selected_rank_std
raw,0,16,0.09827633265290016,0.01813060463772658,0.9690290793380552,0.03634324276416095,0.9690290793380552,0.03634324276416095,0.9999999999999998,9.064933036736789e-17,0.9999999999999998,9.064933036736789e-17,0.9999999999989999,9.064933036736789e-17,0.9999999999989667,3.703340795878608e-14,2.000039023286604e-12,1.1102230246251565e-16,2.066527504673843e-12,7.40668034363221e-14,-0.9959838082750561,0.001693607059334621,3.0,0.0,1.0,0.0,0.09083869286883522,0.029727982810593336,0.9585144077121601,0.030249658524580097,0.9999999999998981,4.179965360046763e-14,30.5625,1.5041608956491324,0.0,0.0,17.1875,1.6007810593582121
raw,1,16,0.09827633265290016,0.01813060463772658,0.5578862787235837,0.05876299785931935,0.9690290793380552,0.03634324276416095,0.5992016152024371,0.06654209084159038,0.9999999999999998,9.064933036736789e-17,0.599201615201838,0.06654209084152385,0.5771655907861731,0.0708324047646333,0.6368063151017945,0.08379684018577283,0.6621762280955032,0.08652956990470623,-0.9875271446054489,0.006507416219181145,3.0,0.0,1.0,0.0,0.09083869286883522,0.029727982810593336,0.5550990643162546,0.252567098329593,0.5962057523151374,0.2820294641437965,30.5625,1.5041608956491324,1.0,0.0,17.1875,1.6007810593582121
raw,10,16,0.09827633265290016,0.01813060463772658,0.20780485140491373,0.020797833662734373,0.9690290793380552,0.03634324276416095,0.2066852986440789,0.021535880029969038,0.9999999999999998,9.064933036736789e-17,0.20668529864387225,0.021535880029947507,0.21515149482896367,0.026823627107635025,0.9568463803288706,0.008675074142411768,0.9530352964873536,0.011818526000155956,-0.8853915679285653,0.03744794496500379,3.0,0.0,1.0,0.0,0.09083869286883522,0.029727982810593336,0.13275082482178407,0.04422517508387184,0.06419823265410622,0.024291986910030906,30.5625,1.5041608956491324,10.0,0.0,17.1875,1.6007810593582121
raw,11,16,0.09827633265290016,0.01813060463772658,0.19705037507607526,0.02055488747561469,0.9690290793380552,0.03634324276416095,0.1946964335737869,0.021554282647866674,0.9999999999999998,9.064933036736789e-17,0.19469643357359223,0.021554282647845126,0.20401560119345583,0.026157214303248143,0.9616577483470395,0.008274921849682653,0.9577361971008234,0.010954578310126981,-0.871605810249966,0.041047480978068256,3.0,0.0,1.0,0.0,0.09083869286883522,0.029727982810593336,0.13014489356285236,0.044205415875848655,0.05957441288357726,0.022604053370900996,30.5625,1.5041608956491324,11.0,0.0,17.1875,1.6007810593582121
raw,12,16,0.09827633265290016,0.01813060463772658,0.18592790532013348,0.02037760224549639,0.9690290793380552,0.03634324276416095,0.18129389357306536,0.02104371782395287,0.9999999999999998,9.064933036736789e-17,0.18129389357288409,0.021043717823931832,0.1925059351600152,0.02558925755391257,0.9667173634720714,0.007541527587097263,0.9623275804573926,0.010162529767885078,-0.8544470266439433,0.04517899203448274,3.0,0.0,1.0,0.0,0.09083869286883522,0.029727982810593336,0.12497333317774331,0.04484356070776534,0.05212908753508001,0.022438281540272314,30.5625,1.5041608956491324,12.0,0.0,17.1875,1.6007810593582121
raw,13,16,0.09827633265290016,0.01813060463772658,0.17602917148660252,0.02048474873324223,0.9690290793380552,0.03634324276416095,0.16914036726512355,0.02059875006696634,0.9999999999999998,9.064933036736789e-17,0.16914036726495446,0.020598750066945747,0.1822693553959529,0.025462544914664403,0.9709937469386759,0.006983200534487916,0.9661700622146083,0.00969622442245045,-0.8358020675691209,0.04991653559082165,3.0,0.0,1.0,0.0,0.09083869286883522,0.029727982810593336,0.12131623851581844,0.04396135986128815,0.048043647464330916,0.02090548726921276,30.5625,1.5041608956491324,13.0,0.0,17.1875,1.6007810593582121
raw,14,16,0.09827633265290016,0.01813060463772658,0.16639664592345024,0.021120344647564588,0.9690290793380552,0.03634324276416095,0.1570246089850525,0.02049219231293536,0.9999999999999998,9.064933036736789e-17,0.1570246089848955,0.020492192312914874,0.17232679925668126,0.025964609288190034,0.9749495878489631,0.006507544384517799,0.9696714483809271,0.009539879135226829,-0.8140859353738716,0.0524280928336854,3.0,0.0,1.0,0.0,0.09083869286883522,0.029727982810593336,0.11533098665975511,0.040257094553644776,0.040684189584280495,0.01777885193523904,30.5625,1.5041608956491324,14.0,0.0,17.1875,1.6007810593582121
raw,15,16,0.09827633265290016,0.01813060463772658,0.15921753292649443,0.019435136143322818,0.9690290793380552,0.03634324276416095,0.14718651745890612,0.01835337403114377,0.9999999999999998,9.064933036736789e-17,0.14718651745875894,0.018353374031125417,0.16486475804987766,0.023960793257718244,0.9780203356361814,0.005425530341278803,0.9722813744154624,0.008414705615349332,-0.7938609440378481,0.058510510886822575,3.0,0.0,1.0,0.0,0.09083869286883522,0.029727982810593336,0.11449078945358149,0.03968658939183915,0.03880013327102054,0.017505716180656404,30.5625,1.5041608956491324,15.0,0.0,17.1875,1.6007810593582121
raw,16,16,0.09827633265290016,0.01813060463772658,0.15163119610254167,0.01911146218218454,0.9690290793380552,0.03634324276416095,0.13611909163050995,0.01684357078455417,0.9999999999999998,9.064933036736789e-17,0.13611909163037386,0.01684357078453733,0.15703430107925853,0.02359266257415343,0.9812056186342465,0.0046275696719844045,0.9748184029151694,0.007996732400138408,-0.7687309417975416,0.06323450924057149,3.0,0.0,1.0,0.0,0.09083869286883522,0.029727982810593336,0.11283958266534169,0.0396014037622564,0.03596242331172869,0.01734069004771129,30.5625,1.5041608956491324,16.0,0.0,17.1875,1.6007810593582121
raw,17,16,0.09827633265290016,0.01813060463772658,0.14534701955942095,0.01796487267444333,0.9690290793380552,0.03634324276416095,0.1260599274620058,0.015458185887993461,0.9999999999999998,9.064933036736789e-17,0.12605992746187977,0.015458185887978006,0.1505160595248591,0.022230621591468547,0.9838848738967926,0.0038983276673234305,0.9768816028222874,0.0072136292380254475,-0.7425519131655545,0.07208221551419113,3.0,0.0,1.0,0.0,0.09083869286883522,0.029727982810593336,0.10805623233111952,0.03915514051180254,0.028589696561127018,0.01395103166687851,30.5625,1.5041608956491324,17.0,0.0,17.1875,1.6007810593582121
raw,18,16,0.09827633265290016,0.01813060463772658,0.13820549000846372,0.01769795540474595,0.9690290793380552,0.03634324276416095,0.11346182757144269,0.01452962266937836,0.9999999999999998,9.064933036736789e-17,0.11346182757132924,0.014529622669363838,0.14310957521530177,0.021707158912059182,0.986928498120192,0.0033264685256003384,0.9790778987804145,0.006817360610860634,-0.7074272664812259,0.07690889871800798,3.0,0.0,1.0,0.0,0.09083869286883522,0.029727982810593336,0.10488532570389172,0.036698378810139404,0.02365269374764232,0.011620977223823534,30.5625,1.5041608956491324,18.0,0.0,17.1875,1.6007810593582121
raw,19,16,0.09827633265290016,0.01813060463772658,0.13229049254193678,0.01664318432792037,0.9690290793380552,0.03634324276416095,0.10245076025177768,0.013095258795282455,0.9999999999999998,9.064933036736789e-17,0.10245076025167524,0.013095258795269363,0.1369341605234623,0.020180891805019308,0.9893430737836209,0.0027455660515749033,0.9808672215623166,0.006064012385988552,-0.6739735834381748,0.07786483454363635,3.0,0.0,1.0,0.0,0.09083869286883522,0.029727982810593336,0.10334944920664554,0.036609972778296584,0.02190313919953841,0.011248796682279572,30.5625,1.5041608956491324,19.0,0.0,17.1875,1.6007810593582121
raw,2,16,0.09827633265290016,0.01813060463772658,0.5104203299219751,0.057542577492274094,0.9690290793380552,0.03634324276416095,0.549245660162246,0.06320947420853638,0.9999999999999998,9.064933036736789e-17,0.5492456601616968,0.06320947420847318,0.5280973851849401,0.06827589409100529,0.6945834820156872,0.07087228084904318,0.7167429039040232,0.07464549234907306,-0.9847249418941857,0.007786515370180776,3.0,0.0,1.0,0.0,0.09083869286883522,0.029727982810593336,0.46734339873320335,0.24743669610930136,0.5009876644463107,0.2742980968170227,30.5625,1.5041608956491324,2.0,0.0,17.1875,1.6007810593582121
raw,20,16,0.09827633265290016,0.01813060463772658,0.12734273190358847,0.016035957277536185,0.9690290793380552,0.03634324276416095,0.091766552030773,0.012053221032489861,0.9999999999999998,9.064933036736789e-17,0.09176655203068124,0.01205322103247781,0.13180792973021588,0.019445527250018826,0.9914426997997211,0.0022128217291944854,0.9822721741633302,0.005659090362928341,-0.6373989181835962,0.08798943862587984,3.0,0.0,1.0,0.0,0.09083869286883522,0.029727982810593336,0.10332374792587642,0.03740293727644896,0.021528500786474794,0.012223676339985608,30.5625,1.5041608956491324,20.0,0.0,17.1875,1.6007810593582121
raw,21,16,0.09827633265290016,0.01813060463772658,0.12293055097077646,0.016743762465788892,0.9690290793380552,0.03634324276416095,0.08324744413493321,0.012256159487762826,0.9999999999999998,9.064933036736789e-17,0.08324744413484997,0.012256159487750573,0.12722685931372849,0.019866026572562395,0.9929290379399627,0.002054501668790551,0.9834433334456194,0.005647992959964208,-0.602325342113862,0.08671209270512968,3.0,0.0,1.0,0.0,0.09083869286883522,0.029727982810593336,0.10070103934814338,0.03451337182867718,0.01776866762877733,0.01138066371095395,30.5625,1.5041608956491324,21.0,0.0,17.1875,1.6007810593582121
raw,22,16,0.09827633265290016,0.01813060463772658,0.11910746016289558,0.01596701261578295,0.9690290793380552,0.03634324276416095,0.07520233920627399,0.010524997164513406,0.9999999999999998,9.064933036736789e-17,0.07520233920619879,0.010524997164502881,0.12324933663321128,0.01888324687512732,0.994240756085435,0.00159926058698516,0.9844753100702105,0.005216474527021393,-0.5659179794720339,0.09260079063023868,3.0,0.0,1.0,0.0,0.09083869286883522,0.029727982810593336,0.09884148944965479,0.03435041130247867,0.01514965342580853,0.009796391906178228,30.5625,1.5041608956491324,22.0,0.0,17.1875,1.6007810593582121
raw,23,16,0.09827633265290016,0.01813060463772658,0.11613967290178855,0.015888356650992193,0.9690290793380552,0.03634324276416095,0.06794151142071536,0.00783378680177806,0.9999999999999998,9.064933036736789e-17,0.06794151142064744,0.007833786801770225,0.12017555238695171,0.018713518828425514,0.995326418323701,0.0010636020089641633,0.985229528058233,0.005075916226219476,-0.5338383462707185,0.08906606785734149,3.0,0.0,1.0,0.0,0.09083869286883522,0.029727982810593336,0.09665892169768406,0.03260827630979442,0.01242317913923804,0.006371348932558973,30.5625,1.5041608956491324,23.0,0.0,17.1875,1.6007810593582121
raw,24,16,0.09827633265290016,0.01813060463772658,0.1132053636545203,0.015805021615398318,0.9690290793380552,0.03634324276416095,0.05940808504124491,0.007210689800299927,0.9999999999999998,9.064933036736789e-17,0.059408085041185506,0.007210689800292717,0.11712008299034299,0.018408310720619415,0.9964219350123055,0.0008744994455035975,0.9859651993757224,0.004831919332111094,-0.4942342916754765,0.0961628537891707,3.0,0.0,1.0,0.0,0.09083869286883522,0.029727982810593336,0.09457648424913909,0.03125106540384293,0.009242641298407794,0.004337026601567428,30.5625,1.5041608956491324,24.0,0.0,17.1875,1.6007810593582121
raw,25,16,0.09827633265290016,0.01813060463772658,0.11116965001803415,0.016385763835106672,0.9690290793380552,0.03634324276416095,0.053774543814934364,0.005564093634000329,0.9999999999999998,9.064933036736789e-17,0.0537745438148806,0.005564093633994765,0.11501976621874987,0.018954776968054,0.9970792742456567,0.0006050659772632629,0.9864336250321948,0.004940081577073044,-0.46720687468382416,0.08445008119446817,3.0,0.0,1.0,0.0,0.09083869286883522,0.029727982810593336,0.09389460398000432,0.030786594740072212,0.008261998829489043,0.004034166473373276,30.5625,1.5041608956491324,25.0,0.0,17.1875,1.6007810593582121
raw,26,16,0.09827633265290016,0.01813060463772658,0.10966191377818629,0.016571389409555187,0.9690290793380552,0.03634324276416095,0.050092185877465556,0.005327505315507145,0.9999999999999998,9.064933036736789e-17,0.05009218587741547,0.005327505315501819,0.11345926551904639,0.01909706848964159,0.9974641644956912,0.0005328462340855864,0.9867850906695366,0.004924741138169483,-0.44379398208442655,0.08133757408455289,3.0,0.0,1.0,0.0,0.09083869286883522,0.029727982810593336,0.09325952731300295,0.030244307865160056,0.00722480882249603,0.0036414081417033097,30.5625,1.5041608956491324,26.0,0.0,17.1875,1.6007810593582121
raw,27,16,0.09827633265290016,0.01813060463772658,0.10816807236370925,0.017174044193221397,0.9690290793380552,0.03634324276416095,0.04548309847660563,0.005711925985313997,0.9999999999999998,9.064933036736789e-17,0.04548309847656016,0.005711925985308285,0.11190489672042234,0.019591657955653204,0.9979007007856637,0.0005359905963434557,0.987117450594881,0.004983818335538468,-0.41715648858435017,0.07615424651954104,3.0,0.0,1.0,0.0,0.09083869286883522,0.029727982810593336,0.09292333147624135,0.03038709269209426,0.006228962035455414,0.0035427171346309703,30.5625,1.5041608956491324,27.0,0.0,17.1875,1.6007810593582121
raw,28,16,0.09827633265290016,0.01813060463772658,0.10703410502987563,0.01734182625937634,0.9690290793380552,0.03634324276416095,0.0423323697353395,0.0052732685129498425,0.9999999999999998,9.064933036736789e-17,0.04233236973529718,0.005273268512944571,0.11072883744557485,0.019701334387485184,0.9981819010718351,0.00045804196249718234,0.9873752408923444,0.004960643395692007,-0.39570438729046153,0.0764609993293026,3.0,0.0,1.0,0.0,0.09083869286883522,0.029727982810593336,0.09252880596358688,0.030135934196054877,0.004804079522053931,0.0019804768167909883,30.5625,1.5041608956491324,28.0,0.0,17.1875,1.6007810593582121
raw,29,16,0.09827633265290016,0.01813060463772658,0.10551917352504869,0.017285381853943557,0.9690290793380552,0.03634324276416095,0.037704538936342444,0.005342767653047967,0.9999999999999998,9.064933036736789e-17,0.03770453893630474,0.005342767653042625,0.10915736984906614,0.019590801366621734,0.9985516066502935,0.00042053425524895605,0.9877248565780845,0.004878580521450272,-0.3625297768270652,0.08198574631588551,3.0,0.0,1.0,0.0,0.09083869286883522,0.029727982810593336,0.092003115300267,0.03011711660012279,0.003902870374739535,0.0021204062869862638,30.5625,1.5041608956491324,29.0,0.0,17.1875,1.6007810593582121
raw,3,16,0.09827633265290016,0.01813060463772658,0.45043161085764777,0.04021461649029257,0.9690290793380552,0.03634324276416095,0.484906446137526,0.04430305345200936,0.9999999999999998,9.064933036736789e-17,0.48490644613704115,0.04430305345196507,0.4658965264392928,0.049238661716142974,0.7630256504836501,0.042216657558703276,0.7806675087071794,0.04541988772843242,-0.9796889868690742,0.010031355484823043,3.0,0.0,1.0,0.0,0.09083869286883522,0.029727982810593336,0.4008538598760354,0.19952832810247095,0.4247693565084685,0.21772417858834037,30.5625,1.5041608956491324,3.0,0.0,17.1875,1.6007810593582121
raw,30,16,0.09827633265290016,0.01813060463772658,0.10463903197697907,0.017406538230203095,0.9690290793380552,0.03634324276416095,0.034219856007477414,0.005358561677670707,0.9999999999999998,9.064933036736789e-17,0.03421985600744319,0.00535856167766535,0.10825203853581704,0.019730221061942454,0.9988020819080299,0.00039346431964081143,0.9879165446311339,0.004895891511017264,-0.3404565271116521,0.08609634193015316,3.0,0.0,1.0,0.0,0.09083869286883522,0.029727982810593336,0.09189656766992946,0.030095447001367064,0.003597181704833067,0.0019858833616837753,30.5625,1.5041608956491324,30.0,0.0,17.1875,1.6007810593582121
raw,31,16,0.09827633265290016,0.01813060463772658,0.10372767272843564,0.017381531395730086,0.9690290793380552,0.03634324276416095,0.03166674691276062,0.004773974606836976,0.9999999999999998,9.064933036736789e-17,0.03166674691272896,0.004773974606832202,0.10730658252922945,0.019667389705148208,0.9989758507335151,0.0003183462749145791,0.9881226665166969,0.004858549656012818,-0.3199094258244164,0.08112210665828248,3.0,0.0,1.0,0.0,0.09083869286883522,0.029727982810593336,0.09178806627153623,0.030185681778233386,0.0030727395490937125,0.0020464070406148384,30.5625,1.5041608956491324,31.0,0.0,17.1875,1.6007810593582121
raw,32,16,0.09827633265290016,0.01813060463772658,0.10303319130532818,0.01749353734394795,0.9690290793380552,0.03634324276416095,0.02824950542981719,0.005150611145707853,0.9999999999999998,9.064933036736789e-17,0.02824950542978895,0.005150611145702703,0.1065869829230978,0.019756360441234577,0.9991770946974965,0.00030832316244417155,0.988273295904585,0.004840865578536218,-0.29995225609219645,0.07987941614404333,3.0,0.0,1.0,0.0,0.09083869286883522,0.029727982810593336,0.09158161019257713,0.030140859662361807,0.0025967251151273168,0.0017679639023864486,30.5625,1.5041608956491324,32.0,0.0,17.1875,1.6007810593582121
raw,33,16,0.09827633265290016,0.01813060463772658,0.1025257415889603,0.01753837258295308,0.9690290793380552,0.03634324276416095,0.02634737303734591,0.005063736026438475,0.9999999999999998,9.064933036736789e-17,0.026347373037319568,0.005063736026433411,0.10606197657450839,0.019792163000511016,0.999281777100396,0.00028359576443005803,0.9883836105161345,0.004833270142120192,-0.2838000401483314,0.08442594602241334,3.0,0.0,1.0,0.0,0.09083869286883522,0.029727982810593336,0.09146228708584041,0.030041015819495896,0.002383345352634082,0.0018837992644553559,30.5625,1.5041608956491324,33.0,0.0,17.1875,1.6007810593582121
raw,34,16,0.09827633265290016,0.01813060463772658,0.1020642275990577,0.017764991532351726,0.9690290793380552,0.03634324276416095,0.024000585914340292,0.0041647789198732375,0.9999999999999998,9.064933036736789e-17,0.024000585914316294,0.004164778919869073,0.1055835821262088,0.020000886823909454,0.9994077105787837,0.00020515010456615985,0.9884770739287643,0.004859501344925892,-0.26941859233411936,0.07899519368638994,3.0,0.0,1.0,0.0,0.09083869286883522,0.029727982810593336,0.09133794832577105,0.029921583228552644,0.0016881304473133055,0.0012167111562970021,30.5625,1.5041608956491324,34.0,0.0,17.1875,1.6007810593582121
raw,35,16,0.09827633265290016,0.01813060463772658,0.10129390632584885,0.017711161214955563,0.9690290793380552,0.03634324276416095,0.020982100747792463,0.003529112707049903,0.9999999999999998,9.064933036736789e-17,0.020982100747771487,0.003529112707046374,0.10478329684490038,0.019914397065265144,0.9995480752264925,0.00014844195465815453,0.988648663942495,0.004814065624322242,-0.24311351473984222,0.07073385247734035,3.0,0.0,1.0,0.0,0.09083869286883522,0.029727982810593336,0.09124012410326489,0.02989295318616026,0.0013408478532198102,0.000985639805592388,30.5625,1.5041608956491324,35.0,0.0,17.1875,1.6007810593582121
raw,36,16,0.09827633265290016,0.01813060463772658,0.1009178714214842,0.017748323400610427,0.9690290793380552,0.03634324276416095,0.018630734413205882,0.0030514190240614465,0.9999999999999998,9.064933036736789e-17,0.018630734413187258,0.0030514190240583956,0.10438989547099484,0.0199201071788267,0.9996441665245437,0.00011605395143085505,0.9887307397204148,0.004801723462488477,-0.22908865199082531,0.06560349152884117,3.0,0.0,1.0,0.0,0.09083869286883522,0.029727982810593336,0.0912491382308059,0.029893042282963612,0.0012555269438514678,0.001036796236279862,30.5625,1.5041608956491324,36.0,0.0,17.1875,1.6007810593582121
raw,37,16,0.09827633265290016,0.01813060463772658,0.1003251346602116,0.0177854578759503,0.9690290793380552,0.03634324276416095,0.016227192583363657,0.0024782401342647096,0.9999999999999998,9.064933036736789e-17,0.016227192583347434,0.0024782401342622316,0.10377128110087622,0.019912181757545562,0.999730920401335,7.985191689137159e-05,0.988859807172734,0.00478167626086539,-0.20428779563696206,0.057139012901261034,3.0,0.0,1.0,0.0,0.09083869286883522,0.029727982810593336,0.0911211699062662,0.029843517613253587,0.0008613081733534212,0.0006671749970076146,30.5625,1.5041608956491324,37.0,0.0,17.1875,1.6007810593582121
raw,38,16,0.09827633265290016,0.01813060463772658,0.0998504926033895,0.017742727230472974,0.9690290793380552,0.03634324276416095,0.014228991749659345,0.0022402375876128824,0.9999999999999998,9.064933036736789e-17,0.014228991749645118,0.0022402375876106424,0.10327480948534096,0.01982367688801183,0.9997928307958677,6.289757160155978e-05,0.9889658966957413,0.004733371985418762,-0.1807857343966913,0.055917641761293504,3.0,0.0,1.0,0.0,0.09083869286883522,0.029727982810593336,0.09104693043331531,0.029827396671889515,0.0007030884429921048,0.0006538904330128101,30.5625,1.5041608956491324,38.0,0.0,17.1875,1.6007810593582121
raw,39,16,0.09827633265290016,0.01813060463772658,0.09939933452847965,0.017765693841486747,0.9690290793380552,0.03634324276416095,0.012569419649464012,0.002022193539814619,0.9999999999999998,9.064933036736789e-17,0.012569419649451444,0.002022193539812597,0.10280529877699035,0.019825272573003587,0.9998381760021331,5.0467437501149176e-05,0.989062594200317,0.00472002413248872,-0.15294353540742428,0.054735516136405406,3.0,0.0,1.0,0.0,0.09083869286883522,0.029727982810593336,0.09100616954371535,0.029807019136244662,0.0005601101089712454,0.0004209302225907213,30.5625,1.5041608956491324,39.0,0.0,17.1875,1.6007810593582121
raw,4,16,0.09827633265290016,0.01813060463772658,0.393351650105489,0.04048492929190198,0.9690290793380552,0.03634324276416095,0.4217491226534146,0.044626132498857864,0.9999999999999998,9.064933036736789e-17,0.42174912265299286,0.04462613249881324,0.40669605534148745,0.046289198841089084,0.8202606540709917,0.037092302221755025,0.8325895467609084,0.037357768008982724,-0.9719603137093005,0.013685196797161367,3.0,0.0,1.0,0.0,0.09083869286883522,0.029727982810593336,0.33937408688212006,0.17352681546454088,0.34956144579369575,0.18198119888170516,30.5625,1.5041608956491324,4.0,0.0,17.1875,1.6007810593582121
raw,40,16,0.09827633265290016,0.01813060463772658,0.09905249133140645,0.017869659817038898,0.9690290793380552,0.03634324276416095,0.010947694582038484,0.00185861271525569,0.9999999999999998,9.064933036736789e-17,0.010947694582027536,0.0018586127152538314,0.10244722822035526,0.019930425557626755,0.99987690944469,4.013958445595971e-05,0.9891321699334901,0.004739534757207549,-0.12800642487684102,0.050168022303240536,3.0,0.0,1.0,0.0,0.09083869286883522,0.029727982810593336,0.09093175125424265,0.029771543557490357,0.0003895571026992242,0.00024134054553941257,30.5625,1.5041608956491324,40.0,0.0,17.1875,1.6007810593582121
raw,41,16,0.09827633265290016,0.01813060463772658,0.09881945041481369,0.01790638999773976,0.9690290793380552,0.03634324276416095,0.009070265029730218,0.0016090162051889062,0.9999999999999998,9.064933036736789e-17,0.009070265029721148,0.0016090162051872975,0.1022052684321764,0.01995610215252033,0.9999153031674639,2.903751903948436e-05,0.9891807274674052,0.004727510681845822,-0.10743536120922977,0.04716749528791455,3.0,0.0,1.0,0.0,0.09083869286883522,0.029727982810593336,0.09088630650220805,0.029758074353484116,0.00030447656841118263,0.00021125597751112625,30.5625,1.5041608956491324,41.0,0.0,17.1875,1.6007810593582121
raw,42,16,0.09827633265290016,0.01813060463772658,0.09861271128288782,0.017997281631211177,0.9690290793380552,0.03634324276416095,0.0077940395310167835,0.0015466498386134426,0.9999999999999998,9.064933036736789e-17,0.007794039531008991,0.0015466498386118963,0.10199210717419774,0.020046878094991113,0.9999370103299235,2.448328049645679e-05,0.9892208500853963,0.004741148148599501,-0.08425183203100128,0.04361437324530414,3.0,0.0,1.0,0.0,0.09083869286883522,0.029727982810593336,0.09088076606479115,0.02974707327777348,0.00023930852486184223,0.0001782941147699286,30.5625,1.5041608956491324,42.0,0.0,17.1875,1.6007810593582121
raw,43,16,0.09827633265290016,0.01813060463772658,0.09850744815542445,0.018051055653295782,0.9690290793380552,0.03634324276416095,0.006245407266270944,0.0009586878218172955,0.9999999999999998,9.064933036736789e-17,0.006245407266264699,0.0009586878218163369,0.10188262978887189,0.020095749056572982,0.999960133248385,1.2054819110476385e-05,0.989241330562793,0.00475078190132232,-0.07007054963551909,0.049408612632958655,3.0,0.0,1.0,0.0,0.09083869286883522,0.029727982810593336,0.09085397836782477,0.029727270219701656,0.00019730613694626153,0.00015056613965439854,30.5625,1.5041608956491324,43.0,0.0,17.1875,1.6007810593582121
raw,44,16,0.09827633265290016,0.01813060463772658,0.09841263858492595,0.018052973940159152,0.9690290793380552,0.03634324276416095,0.005136813219691437,0.0007350349491191559,0.9999999999999998,9.064933036736789e-17,0.005136813219686303,0.0007350349491184209,0.10178257825234935,0.020082914076755026,0.9999731066408432,7.482582604145027e-06,0.9892621910413535,0.004738481054541861,-0.05430131800345794,0.040544498110722624,3.0,0.0,1.0,0.0,0.09083869286883522,0.029727982810593336,0.0908501167207533,0.029722837801487403,0.0001597290541811699,0.00014830229095976437,30.5625,1.5041608956491324,44.0,0.0,17.1875,1.6007810593582121
raw,45,16,0.09827633265290016,0.01813060463772658,0.09832204594235461,0.018143970463055773,0.9690290793380552,0.03634324276416095,0.003778307020783764,0.0006907682230789011,0.9999999999999998,9.064933036736789e-17,0.0037783070207799852,0.0006907682230782106,0.10168795793151181,0.020166324671664283,0.9999852770578648,5.171127871979552e-06,0.9892782961016289,0.004749792485496601,-0.03369190129266711,0.03024236192425016,3.0,0.0,1.0,0.0,0.09083869286883522,0.029727982810593336,0.09084331242137872,0.02972532273851673,9.638563250106466e-05,0.00012679065177814572,30.5625,1.5041608956491324,45.0,0.0,17.1875,1.6007810593582121
raw,46,16,0.09827633265290016,0.01813060463772658,0.09828931832246209,0.018134163043723475,0.9690290793380552,0.03634324276416095,0.002193008571826762,0.0006619583071662069,0.9999999999999998,9.064933036736789e-17,0.0021930085718245692,0.0006619583071655451,0.10165338314561809,0.020150331288930477,0.9999947799114035,3.4220205737513513e-06,0.9892859310846873,0.004742510542519937,-0.020378358328140164,0.03278078171171648,3.0,0.0,1.0,0.0,0.09083869286883522,0.029727982810593336,0.09083670313279366,0.02972635933033703,4.852597070941508e-05,0.00011357974663316304,30.5625,1.5041608956491324,46.0,0.0,17.1875,1.6007810593582121
raw,47,16,0.09827633265290016,0.01813060463772658,0.09827633265290028,0.01813060463772682,0.9690290793380552,0.03634324276416095,9.324915435424635e-15,1.0927989040258295e-15,0.9999999999999998,9.064933036736789e-17,9.324915435415312e-15,1.092798904024737e-15,0.10164087413021812,0.020152574268270072,1.0,0.0,0.9892883893470095,0.004743101334883225,-0.016523491475802295,0.11892887034190926,3.0,0.0,1.0,0.0,0.09083869286883522,0.029727982810593336,0.09083869286883542,0.02972798281059257,9.250984702253838e-15,4.208335707067828e-15,30.5625,1.5041608956491324,47.0,0.0,17.1875,1.6007810593582121
raw,5,16,0.09827633265290016,0.01813060463772658,0.3226960576196049,0.0341876146547764,0.9690290793380552,0.03634324276416095,0.34269707711761765,0.03920401379956313,0.9999999999999998,9.064933036736789e-17,0.34269707711727504,0.03920401379952393,0.3336806607685659,0.039529276625829786,0.8811178183059079,0.02635393493143764,0.887192313150402,0.025851532024130014,-0.956968231413319,0.017395020888466017,3.0,0.0,1.0,0.0,0.09083869286883522,0.029727982810593336,0.30254595118955185,0.14959253899091549,0.30327183644008904,0.14781704462727122,30.5625,1.5041608956491324,5.0,0.0,17.1875,1.6007810593582121
raw,6,16,0.09827633265290016,0.01813060463772658,0.23637871757014403,0.02275413499487795,0.9690290793380552,0.03634324276416095,0.24093205733918172,0.025125363234514336,0.9999999999999998,9.064933036736789e-17,0.2409320573389408,0.025125363234489217,0.24462481744674378,0.028765696775726414,0.9413599151111144,0.011975800047451798,0.9393829499600913,0.014263771015945914,-0.9136235870287034,0.030677558348269678,3.0,0.0,1.0,0.0,0.09083869286883522,0.029727982810593336,0.2888529024329534,0.14997635113159385,0.27070742422961347,0.14264003893944624,30.5625,1.5041608956491324,6.0,0.0,17.1875,1.6007810593582121
raw,7,16,0.09827633265290016,0.01813060463772658,0.23023957282356797,0.023431168057305215,0.9690290793380552,0.03634324276416095,0.23380675987201424,0.02444430874844896,0.9999999999999998,9.064933036736789e-17,0.23380675987178046,0.024444308748424515,0.23831428495253346,0.029477270324581317,0.944774220072458,0.011340641264040573,0.942391698963386,0.014309972810399198,-0.9085243036006787,0.03114829390269336,3.0,0.0,1.0,0.0,0.09083869286883522,0.029727982810593336,0.1768429118386019,0.063253767505165,0.14740493194706047,0.05798127308912323,30.5625,1.5041608956491324,7.0,0.0,17.1875,1.6007810593582121
raw,8,16,0.09827633265290016,0.01813060463772658,0.22527347402307182,0.021829756827264978,0.9690290793380552,0.03634324276416095,0.22723222113820987,0.022937922958692753,0.9999999999999998,9.064933036736789e-17,0.2272322211379827,0.02293792295866982,0.2331490896244625,0.027752479460451146,0.9478722536363947,0.010367611571743377,0.9449194393983442,0.013201880774421847,-0.9037715184175966,0.03230589459930607,3.0,0.0,1.0,0.0,0.09083869286883522,0.029727982810593336,0.16279513442394575,0.06240491336671248,0.10081188182872095,0.049718832295180766,30.5625,1.5041608956491324,8.0,0.0,17.1875,1.6007810593582121
raw,9,16,0.09827633265290016,0.01813060463772658,0.2167994226204279,0.02178810226693371,0.9690290793380552,0.03634324276416095,0.2168915897085497,0.022939913770063217,0.9999999999999998,9.064933036736789e-17,0.21689158970833283,0.022939913770040274,0.22446804318550687,0.0280820742954132,0.9524646886477514,0.009820333350690276,0.9488747823727821,0.012868589656750895,-0.8950490714226111,0.03523752930232828,3.0,0.0,1.0,0.0,0.09083869286883522,0.029727982810593336,0.1412942072549896,0.04484681436498364,0.07487492828273878,0.0251941298633194,30.5625,1.5041608956491324,9.0,0.0,17.1875,1.6007810593582121
response,0,16,0.09827633265290016,0.01813060463772658,0.9690290793380552,0.03634324276416095,0.9690290793380552,0.03634324276416095,0.9999999999999998,9.064933036736789e-17,0.9999999999999998,9.064933036736789e-17,0.9999999999989999,9.064933036736789e-17,0.9999999999989667,3.703340795878608e-14,2.000039023286604e-12,1.1102230246251565e-16,2.066527504673843e-12,7.40668034363221e-14,-0.9959838082750561,0.001693607059334621,3.0,0.0,1.0,0.0,0.09083869286883522,0.029727982810593336,0.9585144077121601,0.030249658524580097,0.9999999999998981,4.179965360046763e-14,30.5625,1.5041608956491324,0.0,0.0,46.5625,0.7274384280931732
response,1,16,0.09827633265290016,0.01813060463772658,0.5580469578670256,0.059270343604659284,0.9690290793380552,0.03634324276416095,0.5992746460934127,0.0670987456592022,0.9999999999999998,9.064933036736789e-17,0.5992746460928136,0.06709874565913511,0.5773249538155147,0.07125741771795895,0.6366490469856182,0.08467083798447976,0.6619356293458216,0.08725156676426185,-0.9875254919199761,0.0065263528338672565,3.0,0.0,1.0,0.0,0.09083869286883522,0.029727982810593336,0.5548347117077195,0.24971783994995703,0.5965378435914284,0.27910306173459615,30.5625,1.5041608956491324,1.0,0.0,46.5625,0.7274384280931732
response,10,16,0.09827633265290016,0.01813060463772658,0.19913752005476085,0.024109725353386038,0.9690290793380552,0.03634324276416095,0.19798688059879127,0.02460220662315361,0.9999999999999998,9.064933036736789e-17,0.1979868805985933,0.02460220662312901,0.20620905081515623,0.029347790686181652,0.9602337558257817,0.009533277831003831,0.9566703653448874,0.012232971372076969,-0.8742289208917513,0.042818112653135246,3.0,0.0,1.0,0.0,0.09083869286883522,0.029727982810593336,0.22442088131170676,0.10846578373625905,0.21717424297716229,0.10350121426052593,30.5625,1.5041608956491324,10.0,0.0,46.5625,0.7274384280931732
response,11,16,0.09827633265290016,0.01813060463772658,0.1912713015994707,0.023080312169603757,0.9690290793380552,0.03634324276416095,0.1883165906458907,0.02388209391163373,0.9999999999999998,9.064933036736789e-17,0.18831659064570241,0.023882093911609854,0.1980570404113058,0.02808828277361501,0.9640021544285762,0.00871468011805343,0.9600337665911669,0.011216960787892359,-0.8624139017872241,0.046581063672272494,3.0,0.0,1.0,0.0,0.09083869286883522,0.029727982810593336,0.21074285694669326,0.10665407986461281,0.20276757137161994,0.10327100385635862,30.5625,1.5041608956491324,11.0,0.0,46.5625,0.7274384280931732
response,12,16,0.09827633265290016,0.01813060463772658,0.1845858340044318,0.022430931388187,0.9690290793380552,0.03634324276416095,0.17948317730140395,0.021643381302275232,0.9999999999999998,9.064933036736789e-17,0.17948317730122448,0.021643381302253593,0.19111292240049688,0.027152476044989885,0.9673466303587996,0.007559669381949879,0.9627846724958788,0.010622336885222631,-0.8514073426616351,0.04809378892383526,3.0,0.0,1.0,0.0,0.09083869286883522,0.029727982810593336,0.19149947764951572,0.08731820734439427,0.18042991148761922,0.08732225591791504,30.5625,1.5041608956491324,12.0,0.0,46.5625,0.7274384280931732
response,13,16,0.09827633265290016,0.01813060463772658,0.1805804810026866,0.022527810090720406,0.9690290793380552,0.03634324276416095,0.17436577195956732,0.021794450419686626,0.9999999999999998,9.064933036736789e-17,0.17436577195939296,0.021794450419664838,0.1869750311086344,0.027096947868540135,0.9691512668792283,0.007364174257270922,0.9643519834446217,0.01033110756627769,-0.843552375112109,0.051306154808436796,3.0,0.0,1.0,0.0,0.09083869286883522,0.029727982810593336,0.19071661945578605,0.08771824527394012,0.1790380715261818,0.08931606260314222,30.5625,1.5041608956491324,13.0,0.0,46.5625,0.7274384280931732
response,14,16,0.09827633265290016,0.01813060463772658,0.17511001177966365,0.02223939432978504,0.9690290793380552,0.03634324276416095,0.16698676573171295,0.021063082206755575,0.9999999999999998,9.064933036736789e-17,0.16698676573154603,0.021063082206734515,0.18128814143320404,0.02659171811653715,0.9716994949779731,0.00681870212313146,0.9664716852703295,0.009973185994455437,-0.8325216884913752,0.052767152702439285,3.0,0.0,1.0,0.0,0.09083869286883522,0.029727982810593336,0.1884649950201454,0.08993004730331106,0.17681201259469015,0.089461552878267,30.5625,1.5041608956491324,14.0,0.0,46.5625,0.7274384280931732
response,15,16,0.09827633265290016,0.01813060463772658,0.17058647891786327,0.022712992260777064,0.9690290793380552,0.03634324276416095,0.1611036877555224,0.021047499802932815,0.9999999999999998,9.064933036736789e-17,0.1611036877553613,0.02104749980291177,0.1765821905214488,0.02684289787595826,0.9736302918716666,0.006613761572146056,0.9681432226471663,0.009956727189017384,-0.8228708043831997,0.051974364463522674,3.0,0.0,1.0,0.0,0.09083869286883522,0.029727982810593336,0.18527988663518796,0.08307894604285662,0.1709376643619383,0.08531098400015606,30.5625,1.5041608956491324,15.0,0.0,46.5625,0.7274384280931732
response,16,16,0.09827633265290016,0.01813060463772658,0.16728877154643085,0.021906409738266384,0.9690290793380552,0.03634324276416095,0.1562181505470868,0.021262857988806217,0.9999999999999998,9.064933036736789e-17,0.15621815054693058,0.021262857988784956,0.17316228528010086,0.025914744955822404,0.9751720371304611,0.006451525567033002,0.9693852223258305,0.009363500492624022,-0.81392816875879,0.055718680608827405,3.0,0.0,1.0,0.0,0.09083869286883522,0.029727982810593336,0.18193324990227497,0.0817428862780939,0.16673291528594086,0.08464024653942318,30.5625,1.5041608956491324,16.0,0.0,46.5625,0.7274384280931732
response,17,16,0.09827633265290016,0.01813060463772658,0.16448266371683784,0.02194615393909817,0.9690290793380552,0.03634324276416095,0.1519149009039739,0.020967785146781794,0.9999999999999998,9.064933036736789e-17,0.15191490090382198,0.02096778514676083,0.17025682135322093,0.025890663801602577,0.9765096928702938,0.006201703425214864,0.9703841837151153,0.009259173288492727,-0.8065630155155703,0.055311629429722266,3.0,0.0,1.0,0.0,0.09083869286883522,0.029727982810593336,0.17750256383652227,0.08724810193664823,0.1605888731426594,0.09057827485776418,30.5625,1.5041608956491324,17.0,0.0,46.5625,0.7274384280931732
response,18,16,0.09827633265290016,0.01813060463772658,0.1621324066155631,0.02156123109520737,0.9690290793380552,0.03634324276416095,0.14833081008478527,0.020341866486341353,0.9999999999999998,9.064933036736789e-17,0.14833081008463697,0.02034186648632102,0.16782687381580724,0.02549348254291873,0.9776100412182472,0.005846491228971001,0.9712248426263075,0.008930512714266217,-0.7994843252145438,0.05709482916850528,3.0,0.0,1.0,0.0,0.09083869286883522,0.029727982810593336,0.16820445022694247,0.07530448115543277,0.14999130922582168,0.0741942707145333,30.5625,1.5041608956491324,18.0,0.0,46.5625,0.7274384280931732
response,19,16,0.09827633265290016,0.01813060463772658,0.15967587112151707,0.021797735448602855,0.9690290793380552,0.03634324276416095,0.14430139110873938,0.020894860610146334,0.9999999999999998,9.064933036736789e-17,0.14430139110859508,0.02089486061012544,0.16527783097586474,0.025602318263590638,0.9787678005242025,0.005886611179236158,0.9720687273062227,0.008841537439704285,-0.7909566904925057,0.060633237685923214,3.0,0.0,1.0,0.0,0.09083869286883522,0.029727982810593336,0.16376223448956262,0.0736100538183823,0.1433643039613463,0.07443778735012348,30.5625,1.5041608956491324,19.0,0.0,46.5625,0.7274384280931732
response,2,16,0.09827633265290016,0.01813060463772658,0.500656226619827,0.042657329656169564,0.9690290793380552,0.03634324276416095,0.5389454704640049,0.04724058854544019,0.9999999999999998,9.064933036736789e-17,0.538945470463466,0.04724058854539296,0.5177238180123946,0.05183902080865359,0.7074455862361804,0.05064352213768502,0.7294427194391687,0.05376602255857367,-0.9841523220539399,0.00807295484580085,3.0,0.0,1.0,0.0,0.09083869286883522,0.029727982810593336,0.5062675568673098,0.23640774375866427,0.544165881723465,0.26414009060766824,30.5625,1.5041608956491324,2.0,0.0,46.5625,0.7274384280931732
response,20,16,0.09827633265290016,0.01813060463772658,0.15692419021074638,0.021736610544009476,0.9690290793380552,0.03634324276416095,0.14006582443770668,0.021306223209676727,0.9999999999999998,9.064933036736789e-17,0.14006582443756666,0.021306223209655424,0.1624482260643217,0.025587523066095262,0.9799559818738813,0.005813451573088885,0.9729967725954383,0.008710437836292695,-0.7815819682743427,0.06475045061272071,3.0,0.0,1.0,0.0,0.09083869286883522,0.029727982810593336,0.1616560919617993,0.07472617738489695,0.13842283509699463,0.07373602399915571,30.5625,1.5041608956491324,20.0,0.0,46.5625,0.7274384280931732
response,21,16,0.09827633265290016,0.01813060463772658,0.15296952923084972,0.02145964407617033,0.9690290793380552,0.03634324276416095,0.13451008670640663,0.02082797848156273,0.9999999999999998,9.064933036736789e-17,0.13451008670627213,0.020827978481541904,0.15835575357252807,0.02523093233707428,0.9815003446796203,0.005448058690801511,0.9743266428605412,0.008437576495047198,-0.7682023390950301,0.06797658777518888,3.0,0.0,1.0,0.0,0.09083869286883522,0.029727982810593336,0.1567784455675947,0.06897480934964265,0.13012059143586116,0.06393073557131594,30.5625,1.5041608956491324,21.0,0.0,46.5625,0.7274384280931732
response,22,16,0.09827633265290016,0.01813060463772658,0.14916356199207165,0.02080589245049131,0.9690290793380552,0.03634324276416095,0.12897192567128773,0.01960057548752554,0.9999999999999998,9.064933036736789e-17,0.12897192567115878,0.01960057548750594,0.15441151629676253,0.024568035208843174,0.9830060712391968,0.004935752890703115,0.9755912195530381,0.008146940878074776,-0.7555204244891806,0.06494778302495721,3.0,0.0,1.0,0.0,0.09083869286883522,0.029727982810593336,0.15185771912809537,0.06578693931755282,0.12212772158417136,0.06083203818484377,30.5625,1.5041608956491324,22.0,0.0,46.5625,0.7274384280931732
response,23,16,0.09827633265290016,0.01813060463772658,0.14668222637505776,0.020435548629323893,0.9690290793380552,0.03634324276416095,0.12472654598368706,0.019397883442615983,0.9999999999999998,9.064933036736789e-17,0.12472654598356234,0.019397883442596593,0.15184056683242964,0.024119758151890772,0.984090528212586,0.004658354428450632,0.9763990397015324,0.007881326972233534,-0.7450023667012966,0.0663261887501824,3.0,0.0,1.0,0.0,0.09083869286883522,0.029727982810593336,0.1439350847311654,0.05721373051319652,0.11339565449531527,0.04750319892345337,30.5625,1.5041608956491324,23.0,0.0,46.5625,0.7274384280931732
response,24,16,0.09827633265290016,0.01813060463772658,0.14429103419468375,0.01968537726091597,0.9690290793380552,0.03634324276416095,0.1207815371078506,0.01863594583426606,0.9999999999999998,9.064933036736789e-17,0.12078153710772982,0.018635945834247426,0.1493543862909229,0.02325066254334854,0.9850862279715782,0.004368142808833737,0.9771864610687511,0.0074425606732426795,-0.7344638972233009,0.06905452514873485,3.0,0.0,1.0,0.0,0.09083869286883522,0.029727982810593336,0.13911650566480782,0.05616495479352357,0.10745440645784651,0.04770762502284075,30.5625,1.5041608956491324,24.0,0.0,46.5625,0.7274384280931732
response,25,16,0.09827633265290016,0.01813060463772658,0.14056372962185384,0.01834210137763418,0.9690290793380552,0.03634324276416095,0.11577749102358137,0.017918388948362562,0.9999999999999998,9.064933036736789e-17,0.1157774910234656,0.017918388948344646,0.14546436268454077,0.021605248498966723,0.9862945707012136,0.004063982816689935,0.9784025065987472,0.006671075442011229,-0.717676409743129,0.07386862741541991,3.0,0.0,1.0,0.0,0.09083869286883522,0.029727982810593336,0.1405692906236946,0.05880184241117028,0.10846307030957245,0.05175082360919109,30.5625,1.5041608956491324,25.0,0.0,46.5625,0.7274384280931732
response,26,16,0.09827633265290016,0.01813060463772658,0.137815150457734,0.01861902442210396,0.9690290793380552,0.03634324276416095,0.11081063547621377,0.018359519989380825,0.9999999999999998,9.064933036736789e-17,0.11081063547610297,0.018359519989362468,0.14262357779813822,0.021850968845067605,0.9874049980895324,0.003971271066580728,0.9792108917690571,0.006613455763445816,-0.7031020933680151,0.07472782977104116,3.0,0.0,1.0,0.0,0.09083869286883522,0.029727982810593336,0.13915316716841783,0.05986168324201979,0.10535169545170273,0.05007264960358943,30.5625,1.5041608956491324,26.0,0.0,46.5625,0.7274384280931732
response,27,16,0.09827633265290016,0.01813060463772658,0.1354220433265686,0.018764176726856256,0.9690290793380552,0.03634324276416095,0.10717571147574836,0.01788078051570669,0.9999999999999998,9.064933036736789e-17,0.1071757114756412,0.01788078051568881,0.14015277176765534,0.022015532677257515,0.9882136272023305,0.0037490547361683957,0.9799028096167215,0.006631657220027528,-0.6905203416584976,0.07406452373892937,3.0,0.0,1.0,0.0,0.09083869286883522,0.029727982810593336,0.13512578115755222,0.05879266484568073,0.0991055961704125,0.049106186847150866,30.5625,1.5041608956491324,27.0,0.0,46.5625,0.7274384280931732
response,28,16,0.09827633265290016,0.01813060463772658,0.13272982738861894,0.018094608138717,0.9690290793380552,0.03634324276416095,0.10307239221361292,0.016716420444647464,0.9999999999999998,9.064933036736789e-17,0.10307239221350986,0.016716420444630748,0.13734185532028387,0.0211551130627081,0.9891141081704329,0.0033554021834300094,0.9807176471440296,0.006271519121515135,-0.6757578936280739,0.07272068396580872,3.0,0.0,1.0,0.0,0.09083869286883522,0.029727982810593336,0.1315754234156102,0.058355640000002505,0.09170762379289511,0.0448050395316061,30.5625,1.5041608956491324,28.0,0.0,46.5625,0.7274384280931732
response,29,16,0.09827633265290016,0.01813060463772658,0.1300592338479884,0.017592087909433896,0.9690290793380552,0.03634324276416095,0.09894353192993158,0.01697701294247801,0.9999999999999998,9.064933036736789e-17,0.09894353192983266,0.016977012942461032,0.13455364064238323,0.020380853920820292,0.9899399722063297,0.003316980067119075,0.9815058997837474,0.0058455262219651435,-0.658115649480659,0.07948723340557987,3.0,0.0,1.0,0.0,0.09083869286883522,0.029727982810593336,0.1301756514250112,0.056849519157511984,0.08941295260018059,0.04147654444728991,30.5625,1.5041608956491324,29.0,0.0,46.5625,0.7274384280931732
response,3,16,0.09827633265290016,0.01813060463772658,0.4484427188837918,0.04026915176465966,0.9690290793380552,0.03634324276416095,0.48244438259928407,0.04391256892205473,0.9999999999999998,9.064933036736789e-17,0.48244438259880174,0.043912568922010814,0.4637847225455485,0.04851734955307102,0.7654396235963639,0.04153445778777578,0.7826969187511721,0.04425521376833443,-0.9793165566389161,0.010658555702744966,3.0,0.0,1.0,0.0,0.09083869286883522,0.029727982810593336,0.4357773570469828,0.21007842880923425,0.47066075526652484,0.23546589929380934,30.5625,1.5041608956491324,3.0,0.0,46.5625,0.7274384280931732
response,30,16,0.09827633265290016,0.01813060463772658,0.12776397941586365,0.017135376706559034,0.9690290793380552,0.03634324276416095,0.09537610200575736,0.01660336728643439,0.9999999999999998,9.064933036736789e-17,0.09537610200566199,0.01660336728641779,0.1321788393071284,0.019875752284751132,0.9906449568487858,0.0031177718340092936,0.9821583992560908,0.005613455026225343,-0.6415631768371248,0.08619730128048002,3.0,0.0,1.0,0.0,0.09083869286883522,0.029727982810593336,0.13191571374109073,0.05862811716033375,0.0896011002079582,0.04219963768022079,30.5625,1.5041608956491324,30.0,0.0,46.5625,0.7274384280931732
response,31,16,0.09827633265290016,0.01813060463772658,0.12533528410549094,0.016901786764419287,0.9690290793380552,0.03634324276416095,0.09111868879504033,0.015921192402671553,0.9999999999999998,9.064933036736789e-17,0.09111868879494922,0.015921192402655635,0.1296450601903541,0.019461932072964365,0.991459742957737,0.002896133343339551,0.9828370644932276,0.005441945269007441,-0.6242012401913593,0.08462733417887508,3.0,0.0,1.0,0.0,0.09083869286883522,0.029727982810593336,0.12974364517989806,0.05963380607176667,0.08455821337478675,0.04238457456404386,30.5625,1.5041608956491324,31.0,0.0,46.5625,0.7274384280931732
response,32,16,0.09827633265290016,0.01813060463772658,0.12308200500934094,0.01670033904830926,0.9690290793380552,0.03634324276416095,0.08712451011787908,0.016123378629206618,0.9999999999999998,9.064933036736789e-17,0.08712451011779197,0.016123378629190492,0.12730607387873855,0.01915157550355178,0.9921656041069657,0.002863121678393205,0.9834493046370797,0.0052579284886659855,-0.6045258387558614,0.09210318277667776,3.0,0.0,1.0,0.0,0.09083869286883522,0.029727982810593336,0.12390529515191379,0.051663037403874006,0.07464446496329642,0.03492187554732637,30.5625,1.5041608956491324,32.0,0.0,46.5625,0.7274384280931732
response,33,16,0.09827633265290016,0.01813060463772658,0.120421143031365,0.016563739135299387,0.9690290793380552,0.03634324276416095,0.08220443114610665,0.014514281885217584,0.9999999999999998,9.064933036736789e-17,0.08220443114602446,0.01451428188520307,0.1245771886018972,0.019210650901162037,0.9930449336449806,0.0023479684414958167,0.9841345405412539,0.005201903430267183,-0.5811565235027045,0.09232103254678392,3.0,0.0,1.0,0.0,0.09083869286883522,0.029727982810593336,0.12511836553593236,0.05052181257653335,0.07193122663840167,0.035449789403795354,30.5625,1.5041608956491324,33.0,0.0,46.5625,0.7274384280931732
response,34,16,0.09827633265290016,0.01813060463772658,0.11886930247336779,0.016237071494283058,0.9690290793380552,0.03634324276416095,0.07866470984713489,0.013549290427103044,0.9999999999999998,9.064933036736789e-17,0.07866470984705623,0.013549290427089496,0.12297811758497312,0.018917521695806867,0.9936397541080432,0.00206679436348908,0.9845408770073396,0.005076353185495432,-0.5655442721677321,0.09479870705757773,3.0,0.0,1.0,0.0,0.09083869286883522,0.029727982810593336,0.12339482164326221,0.049105440840964354,0.06714041045222541,0.03174678304337373,30.5625,1.5041608956491324,34.0,0.0,46.5625,0.7274384280931732
response,35,16,0.09827633265290016,0.01813060463772658,0.11677235793423388,0.017130090039132583,0.9690290793380552,0.03634324276416095,0.07353236767654825,0.013090353993432674,0.9999999999999998,9.064933036736789e-17,0.07353236767647472,0.013090353993419587,0.1207937872332494,0.019619999554499314,0.9944323433716983,0.0018865404120599727,0.9850479756072372,0.005240249947765871,-0.5419965248639271,0.09107155887237989,3.0,0.0,1.0,0.0,0.09083869286883522,0.029727982810593336,0.1219430509883624,0.0463893870533497,0.06338118302945725,0.03198685716239865,30.5625,1.5041608956491324,35.0,0.0,46.5625,0.7274384280931732
response,36,16,0.09827633265290016,0.01813060463772658,0.11510667186806035,0.017219755787501304,0.9690290793380552,0.03634324276416095,0.06973283045966554,0.013434813575304325,0.9999999999999998,9.064933036736789e-17,0.06973283045959582,0.013434813575290892,0.11907800641533024,0.01972848393623634,0.994968119028778,0.0018165947233195487,0.9854555411271296,0.005221097858335456,-0.5211165968382996,0.09619591981355655,3.0,0.0,1.0,0.0,0.09083869286883522,0.029727982810593336,0.11791231723765011,0.04536289669292508,0.05899130035864332,0.03328762585047132,30.5625,1.5041608956491324,36.0,0.0,46.5625,0.7274384280931732
response,37,16,0.09827633265290016,0.01813060463772658,0.11273062786332814,0.017097688780327223,0.9690290793380552,0.03634324276416095,0.06516260497979398,0.01241675342358246,0.9999999999999998,9.064933036736789e-17,0.06516260497972882,0.012416753423570044,0.11661839176307448,0.019564707149549228,0.995609295132023,0.0015797054264707793,0.9860412965471119,0.005111156859360106,-0.49234789987780625,0.09482432205320884,3.0,0.0,1.0,0.0,0.09083869286883522,0.029727982810593336,0.11393573527128223,0.04403033308906961,0.05078287075898142,0.02833245761173698,30.5625,1.5041608956491324,37.0,0.0,46.5625,0.7274384280931732
response,38,16,0.09827633265290016,0.01813060463772658,0.11114814459643649,0.017416328395351226,0.9690290793380552,0.03634324276416095,0.06105443141066629,0.012394085187092257,0.9999999999999998,9.064933036736789e-17,0.061054431410605244,0.012394085187079865,0.11497980393888071,0.019810149715554694,0.9961283438917297,0.0014953932635957796,0.9864117302814084,0.005110677944418063,-0.46908431185925925,0.09323965353986104,3.0,0.0,1.0,0.0,0.09083869286883522,0.029727982810593336,0.11340756431713522,0.04358152488566402,0.050665270081635745,0.028797592052787254,30.5625,1.5041608956491324,38.0,0.0,46.5625,0.7274384280931732
response,39,16,0.09827633265290016,0.01813060463772658,0.10903462329014751,0.017495390353185702,0.9690290793380552,0.03634324276416095,0.05520161499410165,0.010790175041493297,0.9999999999999998,9.064933036736789e-17,0.05520161499404645,0.010790175041482511,0.11278062242062868,0.019760482871325428,0.9968436305669623,0.0011715484287096848,0.9869144593158145,0.00499629002233429,-0.43589483194427225,0.08446763147004856,3.0,0.0,1.0,0.0,0.09083869286883522,0.029727982810593336,0.1126948567002334,0.04313332456394882,0.045616519736559856,0.03042226616279875,30.5625,1.5041608956491324,39.0,0.0,46.5625,0.7274384280931732
response,4,16,0.09827633265290016,0.01813060463772658,0.3902924445653518,0.03795391615832467,0.9690290793380552,0.03634324276416095,0.41879241203095696,0.04289213363738084,0.9999999999999998,9.064933036736789e-17,0.4187924120305383,0.04289213363733795,0.4035576348182247,0.044005635485286715,0.8228881639431782,0.03566370570324297,0.8353257704226105,0.0352571578166719,-0.9713756407487872,0.015143295016840726,3.0,0.0,1.0,0.0,0.09083869286883522,0.029727982810593336,0.37389823848635284,0.1836227888733658,0.3987091769916662,0.19999276849486675,30.5625,1.5041608956491324,4.0,0.0,46.5625,0.7274384280931732
response,40,16,0.09827633265290016,0.01813060463772658,0.1067298865531501,0.01745039611953821,0.9690290793380552,0.03634324276416095,0.049574903685870565,0.00935399212870073,0.9999999999999998,9.064933036736789e-17,0.049574903685821,0.009353992128691377,0.11038519414239853,0.01962009990810032,0.9974603003288445,0.0009259882202261892,0.9874542198637664,0.004917389640535288,-0.39451688900100207,0.08046725816734267,3.0,0.0,1.0,0.0,0.09083869286883522,0.029727982810593336,0.10829525910591986,0.03947903011423656,0.04026578045744844,0.02538806487264763,30.5625,1.5041608956491324,40.0,0.0,46.5625,0.7274384280931732
response,41,16,0.09827633265290016,0.01813060463772658,0.10527289374110571,0.017441663989685767,0.9690290793380552,0.03634324276416095,0.04424805685093472,0.007933215104581963,0.9999999999999998,9.064933036736789e-17,0.04424805685089048,0.007933215104574032,0.10889453110574883,0.019703738377689788,0.9979831070568934,0.0006721118892504631,0.9877780086208312,0.004904795578428362,-0.36172683504773356,0.08085634436799014,3.0,0.0,1.0,0.0,0.09083869286883522,0.029727982810593336,0.10397872222206073,0.040357326890639464,0.03373640665566021,0.023834441241159222,30.5625,1.5041608956491324,41.0,0.0,46.5625,0.7274384280931732
response,42,16,0.09827633265290016,0.01813060463772658,0.10393719094783996,0.01767287055317305,0.9690290793380552,0.03634324276416095,0.038480722790748205,0.00621840099416887,0.9999999999999998,9.064933036736789e-17,0.03848072279070973,0.006218400994162653,0.10752057022013801,0.019973817810675535,0.9984829822445132,0.0004713709653890454,0.9880653081689732,0.004965720716488545,-0.32597811079504735,0.07919800998696548,3.0,0.0,1.0,0.0,0.09083869286883522,0.029727982810593336,0.10230037968144859,0.03988482736075643,0.030798399281552917,0.024648891309613626,30.5625,1.5041608956491324,42.0,0.0,46.5625,0.7274384280931732
response,43,16,0.09827633265290016,0.01813060463772658,0.10216796373447279,0.017557356628324864,0.9690290793380552,0.03634324276416095,0.03175175710288494,0.004827730904756266,0.9999999999999998,9.064933036736789e-17,0.0317517571028532,0.004827730904751439,0.1056781190848981,0.01974716256817442,0.9989699756217982,0.0002986253545511229,0.9884665566190276,0.004829381577020984,-0.27455494151325294,0.0764293674314535,3.0,0.0,1.0,0.0,0.09083869286883522,0.029727982810593336,0.09549471925960892,0.0333851213425221,0.021365444012529516,0.01338730034331661,30.5625,1.5041608956491324,43.0,0.0,46.5625,0.7274384280931732
response,44,16,0.09827633265290016,0.01813060463772658,0.10100162605845489,0.017714855979986954,0.9690290793380552,0.03634324276416095,0.027286293274997764,0.0043477462746081665,0.9999999999999998,9.064933036736789e-17,0.02728629327497048,0.00434774627460382,0.10446823295906021,0.019846485997327225,0.9992377367327483,0.00023037623755560422,0.988717122983872,0.004786779975919941,-0.2340010153120458,0.06450831898836298,3.0,0.0,1.0,0.0,0.09083869286883522,0.029727982810593336,0.09301296523927537,0.030930129011064657,0.014659272726715635,0.008828974135937482,30.5625,1.5041608956491324,44.0,0.0,46.5625,0.7274384280931732
response,45,16,0.09827633265290016,0.01813060463772658,0.10013197447851592,0.01786902461800717,0.9690290793380552,0.03634324276416095,0.02197878721381939,0.0042838845612931335,0.9999999999999998,9.064933036736789e-17,0.02197878721379741,0.0042838845612888496,0.10357068421377955,0.019988374564954343,0.9994997282248596,0.0001964926467285505,0.9888985491986,0.004780750639111386,-0.1918626744390119,0.06527513850177324,3.0,0.0,1.0,0.0,0.09083869286883522,0.029727982810593336,0.09128530873873457,0.029394193955939465,0.009564360677747696,0.004848451799669085,30.5625,1.5041608956491324,45.0,0.0,46.5625,0.7274384280931732
response,46,16,0.09827633265290016,0.01813060463772658,0.0990441062626197,0.017796872933394915,0.9690290793380552,0.03634324276416095,0.01421102380074179,0.003438883813020919,0.9999999999999998,9.064933036736789e-17,0.01421102380072758,0.0034388838130174804,0.10243450273274411,0.019815789433407366,0.9997869600007732,0.00010851679616535095,0.9891390487334556,0.004671348404717502,-0.1275692867594711,0.05292585000053804,3.0,0.0,1.0,0.0,0.09083869286883522,0.029727982810593336,0.09097018639191298,0.02917944415172538,0.0056783979308165115,0.004805713424946948,30.5625,1.5041608956491324,46.0,0.0,46.5625,0.7274384280931732
response,47,16,0.09827633265290016,0.01813060463772658,0.09827633265290024,0.018130604637726776,0.9690290793380552,0.03634324276416095,9.540751517024025e-15,1.1073564280619375e-15,0.9999999999999998,9.064933036736789e-17,9.540751517014486e-15,1.1073564280608304e-15,0.10164087413021808,0.02015257426827002,1.0,0.0,0.9892883893470095,0.004743101334883208,-0.014647903858340337,0.12776792348658006,3.0,0.0,1.0,0.0,0.09083869286883522,0.029727982810593336,0.0908386928688357,0.029727982810593016,8.929113461927045e-15,2.844534845101714e-15,30.5625,1.5041608956491324,47.0,0.0,46.5625,0.7274384280931732
response,5,16,0.09827633265290016,0.01813060463772658,0.3247675988133331,0.031678572037871396,0.9690290793380552,0.03634324276416095,0.3448939817120917,0.03847049946507634,0.9999999999999998,9.064933036736789e-17,0.3448939817117468,0.03847049946503786,0.33594155388573455,0.03795499538617536,0.879660660757996,0.026302079590364874,0.8857927270527464,0.024995001414659924,-0.9572177541998919,0.018364768380475325,3.0,0.0,1.0,0.0,0.09083869286883522,0.029727982810593336,0.2944163720475123,0.1432317663491863,0.298907037423546,0.14139452080655024,30.5625,1.5041608956491324,5.0,0.0,46.5625,0.7274384280931732
response,6,16,0.09827633265290016,0.01813060463772658,0.24248127737154157,0.02420815806201492,0.9690290793380552,0.03634324276416095,0.24909529912771755,0.026397006471581923,0.9999999999999998,9.064933036736789e-17,0.2490952991274685,0.026397006471555528,0.2509358757890934,0.030185079695660373,0.9372982801238539,0.012882272197447926,0.936176993395492,0.015298142400393741,-0.9186991121189158,0.02905636797032148,3.0,0.0,1.0,0.0,0.09083869286883522,0.029727982810593336,0.2754262391190308,0.1390012493004282,0.26743907046509713,0.13737208382624594,30.5625,1.5041608956491324,6.0,0.0,46.5625,0.7274384280931732
response,7,16,0.09827633265290016,0.01813060463772658,0.23214317155731753,0.025031999351072327,0.9690290793380552,0.03634324276416095,0.23713370702887226,0.025889159559005982,0.9999999999999998,9.064933036736789e-17,0.23713370702863515,0.025889159558980097,0.24028822369599373,0.03101150211386317,0.9431392469446039,0.012081404216483311,0.9413599633686258,0.015193072382840041,-0.9104791936236452,0.031165010020831593,3.0,0.0,1.0,0.0,0.09083869286883522,0.029727982810593336,0.25516655889355466,0.12245865860662199,0.2502321140743795,0.11933046688132543,30.5625,1.5041608956491324,7.0,0.0,46.5625,0.7274384280931732
response,8,16,0.09827633265290016,0.01813060463772658,0.2218806343795972,0.023280354756150656,0.9690290793380552,0.03634324276416095,0.2250419965059269,0.02386140561345463,0.9999999999999998,9.064933036736789e-17,0.2250419965057019,0.02386140561343077,0.22963418759244145,0.028852013615287032,0.9488223185482445,0.010581519967643695,0.9464877286172062,0.013551257419149953,-0.9015705496540352,0.03251397966823289,3.0,0.0,1.0,0.0,0.09083869286883522,0.029727982810593336,0.24258151159670396,0.11450803806226655,0.23775476190184255,0.11142793707157758,30.5625,1.5041608956491324,8.0,0.0,46.5625,0.7274384280931732
response,9,16,0.09827633265290016,0.01813060463772658,0.21005078249076897,0.023324685384689764,0.9690290793380552,0.03634324276416095,0.21127311415391792,0.023919616299873138,0.9999999999999998,9.064933036736789e-17,0.2112731141537067,0.02391961629984922,0.21744574875902536,0.02869733718480655,0.9548272824446086,0.00992134735663522,0.951945280257722,0.01261540140730443,-0.8885780275047652,0.03758012514874881,3.0,0.0,1.0,0.0,0.09083869286883522,0.029727982810593336,0.23256219735928774,0.10932453850285023,0.22579915688059385,0.10508097267221113,30.5625,1.5041608956491324,9.0,0.0,46.5625,0.7274384280931732
