selection_rank,bank_index,name,replicate,state_idx,basis_layer,sampling_mode,profile,tau_actual,log10_lambda1,gamma,n_ctx,n_tgt,r_T,rank_Q,candidate_dim,rank_to_alpha,best_rank,rho_TQ,best_rho,reach_alpha,krr_mse,base_mse,mse,mse_ratio,mse_repair_factor,point_err,point_drift,E_F_T,E_F_TQ,damage_vs_base
1,137,base,base,1,8,train_distribution,minimal_step,14.551473617553711,1.8415133953094482,4,58,8,8,16,17,,16,0.33602552292203774,0.33602552292203774,0.0,0.025155113948785217,1.257680846952212,1.257680846952212,49.99702444253677,1.0,0.028773182748558074,0.0,0.03991679062968353,0.03912501030468231,0.0
1,137,keep_Q,keep_Q,1,8,train_distribution,minimal_step,14.551473617553711,1.8415133953094482,4,58,8,8,16,17,,16,0.33602552292203774,0.33602552292203774,0.0,0.025155113948785217,1.257680846952212,2164194484108858.5,8.603397657092987e+16,5.811311581223636e-16,1235084.819003247,1241386.0203452455,10524935.827986062,10524935.82785351,10524935.844607087
1,137,remove_Q,remove_Q,1,8,train_distribution,minimal_step,14.551473617553711,1.8415133953094482,4,58,8,8,16,17,,16,0.33602552292203774,0.33602552292203774,0.0,0.025155113948785217,1.257680846952212,1376243089651948.5,5.471027054196308e+16,9.138507988950405e-16,984909.2489531236,989934.0871905641,36563341.82891707,36563341.82833884,36563341.83272456
1,137,zero_context,zero_context,1,8,train_distribution,minimal_step,14.551473617553711,1.8415133953094482,4,58,8,8,16,17,,16,0.33602552292203774,0.33602552292203774,0.0,0.025155113948785217,1.257680846952212,1042.9770891522508,41461.831231443015,0.001205856638686547,0.8569811548755487,0.8573749056840483,,,
1,137,keep_response_svd,keep_response_svd,1,8,train_distribution,minimal_step,14.551473617553711,1.8415133953094482,4,58,8,8,16,17,,16,0.33602552292203774,0.33602552292203774,0.0,0.025155113948785217,1.257680846952212,1.4092241340325202,56.021377478219456,0.8924633183461993,0.03060991643647915,0.008226825094833091,,,
1,137,keep_krr_oracle,keep_krr_oracle,1,8,train_distribution,minimal_step,14.551473617553711,1.8415133953094482,4,58,8,8,16,17,,16,0.33602552292203774,0.33602552292203774,0.0,0.025155113948785217,1.257680846952212,38102802.99627186,1514713989.1255357,3.300756763420446e-08,163.88018798785552,164.71930042527586,,,
1,137,keep_random_A,keep_random_A_00,1,8,train_distribution,minimal_step,14.551473617553711,1.8415133953094482,4,58,8,8,16,17,,16,0.33602552292203774,0.33602552292203774,0.0,0.025155113948785217,1.257680846952212,7.902935838401005e+16,3.1416815898711726e+18,1.5914096642934124e-17,7463505.694955449,7501583.262435666,,,
1,137,keep_random_A,keep_random_A_01,1,8,train_distribution,minimal_step,14.551473617553711,1.8415133953094482,4,58,8,8,16,17,,16,0.33602552292203774,0.33602552292203774,0.0,0.025155113948785217,1.257680846952212,420082718721.5237,16699694526401.07,2.9938885626617246e-12,17207.432307509705,17295.226749043508,,,
1,137,keep_random_A,keep_random_A_02,1,8,train_distribution,minimal_step,14.551473617553711,1.8415133953094482,4,58,8,8,16,17,,16,0.33602552292203774,0.33602552292203774,0.0,0.025155113948785217,1.257680846952212,6.814039496754708e+16,2.7088088372916193e+18,1.84571992509172e-17,6930282.908691908,6965640.077494017,,,
1,137,keep_random_A,keep_random_A_03,1,8,train_distribution,minimal_step,14.551473617553711,1.8415133953094482,4,58,8,8,16,17,,16,0.33602552292203774,0.33602552292203774,0.0,0.025155113948785217,1.257680846952212,9.709881409599363e+16,3.860002951832492e+18,1.295258710069153e-17,8272858.637788412,8315065.421287476,,,
1,137,keep_random_A,keep_random_A_04,1,8,train_distribution,minimal_step,14.551473617553711,1.8415133953094482,4,58,8,8,16,17,,16,0.33602552292203774,0.33602552292203774,0.0,0.025155113948785217,1.257680846952212,1.1037342366984397e+17,4.387713126426688e+18,1.139477969546607e-17,8820250.054634264,8865249.530360725,,,
2,261,base,base,1,8,train_distribution,minimal_smooth,15.558833122253418,1.9410758018493652,8,124,8,8,22,22,,22,0.7699856173439372,0.7699856173439372,0.0,0.0034284711601543457,0.16214474284316793,0.16214474284316793,47.29359976178664,1.0,0.025506373814226255,0.0,0.024440659621193017,0.024667783124565176,0.0
2,261,keep_Q,keep_Q,1,8,train_distribution,minimal_smooth,15.558833122253418,1.9410758018493652,8,124,8,8,22,22,,22,0.7699856173439372,0.7699856173439372,0.0,0.0034284711601543457,0.16214474284316793,0.12628350752780193,36.83376689746365,1.2839740201820968,0.022327379113133546,0.005728510284203469,0.28599211265181784,0.2865698884713104,0.2880936481391276
2,261,remove_Q,remove_Q,1,8,train_distribution,minimal_smooth,15.558833122253418,1.9410758018493652,8,124,8,8,22,22,,22,0.7699856173439372,0.7699856173439372,0.0,0.0034284711601543457,0.16214474284316793,121.69407074187592,35495.14202021095,0.0013323964089186524,0.7712488695774663,0.771696167827396,0.6291711293145505,0.6281309076300734,0.6349744415128539
2,261,zero_context,zero_context,1,8,train_distribution,minimal_smooth,15.558833122253418,1.9410758018493652,8,124,8,8,22,22,,22,0.7699856173439372,0.7699856173439372,0.0,0.0034284711601543457,0.16214474284316793,198.81673941188018,57989.91157415181,0.0008155487476698809,0.985531852322048,0.9847547218399549,,,
2,261,keep_response_svd,keep_response_svd,1,8,train_distribution,minimal_smooth,15.558833122253418,1.9410758018493652,8,124,8,8,22,22,,22,0.7699856173439372,0.7699856173439372,0.0,0.0034284711601543457,0.16214474284316793,0.12796327752815273,37.32371414271776,1.2671193327905739,0.0224849825592476,0.005804085985245417,,,
2,261,keep_krr_oracle,keep_krr_oracle,1,8,train_distribution,minimal_smooth,15.558833122253418,1.9410758018493652,8,124,8,8,22,22,,22,0.7699856173439372,0.7699856173439372,0.0,0.0034284711601543457,0.16214474284316793,143412004928999.12,4.182972474604187e+16,1.1306218257212363e-15,835638.6193361242,831108.8318560799,,,
2,261,keep_random_A,keep_random_A_00,1,8,train_distribution,minimal_smooth,15.558833122253418,1.9410758018493652,8,124,8,8,22,22,,22,0.7699856173439372,0.7699856173439372,0.0,0.0034284711601543457,0.16214474284316793,4.368346454730523e+16,1.2741383114139613e+19,3.71181051053265e-18,14584256.236357035,14505198.513812087,,,
2,261,keep_random_A,keep_random_A_01,1,8,train_distribution,minimal_smooth,15.558833122253418,1.9410758018493652,8,124,8,8,22,22,,22,0.7699856173439372,0.7699856173439372,0.0,0.0034284711601543457,0.16214474284316793,1.6262263533439056e+17,4.74329891481629e+19,9.97061340875211e-19,28139491.537877943,27986954.15961572,,,
2,261,keep_random_A,keep_random_A_02,1,8,train_distribution,minimal_smooth,15.558833122253418,1.9410758018493652,8,124,8,8,22,22,,22,0.7699856173439372,0.7699856173439372,0.0,0.0034284711601543457,0.16214474284316793,4.484365122633884e+16,1.307978079194927e+19,3.6157792331578144e-18,14776658.329429477,14696557.641641894,,,
2,261,keep_random_A,keep_random_A_03,1,8,train_distribution,minimal_smooth,15.558833122253418,1.9410758018493652,8,124,8,8,22,22,,22,0.7699856173439372,0.7699856173439372,0.0,0.0034284711601543457,0.16214474284316793,6247913298406829.0,1.8223613402440156e+18,2.5951823448720652e-17,5515606.129486151,5485707.366186739,,,
2,261,keep_random_A,keep_random_A_04,1,8,train_distribution,minimal_smooth,15.558833122253418,1.9410758018493652,8,124,8,8,22,22,,22,0.7699856173439372,0.7699856173439372,0.0,0.0034284711601543457,0.16214474284316793,1.9337970944390906e+17,5.640406478880906e+19,8.384785731110997e-19,30685358.397399943,30519020.48345506,,,
3,87,base,base,1,8,train_distribution,minimal_step,13.089276313781738,1.712723731994629,4,52,8,8,16,16,,16,0.05431196078816927,0.05431196078816927,0.0,0.04304627824963622,1.5089063021433233,1.5089063021433233,35.053118724754675,1.0,0.05115747256493374,0.0,0.03884074076486585,0.03909830234908208,0.0
3,87,keep_Q,keep_Q,1,8,train_distribution,minimal_step,13.089276313781738,1.712723731994629,4,52,8,8,16,16,,16,0.05431196078816927,0.05431196078816927,0.0,0.04304627824963622,1.5089063021433233,1.4471630448312354,33.61877271802157,1.0426650317893436,0.050628972135509535,0.007712172378339727,0.3450636955586516,0.34487425507775316,0.3570045979477798
3,87,remove_Q,remove_Q,1,8,train_distribution,minimal_step,13.089276313781738,1.712723731994629,4,52,8,8,16,16,,16,0.05431196078816927,0.05431196078816927,0.0,0.04304627824963622,1.5089063021433233,248.58591717761945,5774.852723294846,0.006069958907065441,0.7262697641516564,0.7144515838944729,0.8077283624002618,0.80788980325561,0.7952887145638211
3,87,zero_context,zero_context,1,8,train_distribution,minimal_step,13.089276313781738,1.712723731994629,4,52,8,8,16,16,,16,0.05431196078816927,0.05431196078816927,0.0,0.04304627824963622,1.5089063021433233,494.4350212456727,11486.127055591644,0.0030517787723487017,1.0243109359498679,1.0214943484370789,,,
3,87,keep_response_svd,keep_response_svd,1,8,train_distribution,minimal_step,13.089276313781738,1.712723731994629,4,52,8,8,16,16,,16,0.05431196078816927,0.05431196078816927,0.0,0.04304627824963622,1.5089063021433233,1.450127486429011,33.68763910364924,1.040533550508071,0.050683767435572555,0.007658672675151915,,,
3,87,keep_krr_oracle,keep_krr_oracle,1,8,train_distribution,minimal_step,13.089276313781738,1.712723731994629,4,52,8,8,16,16,,16,0.05431196078816927,0.05431196078816927,0.0,0.04304627824963622,1.5089063021433233,119.67558258727706,2780.1609675347117,0.01260830546651325,0.5048812771409957,0.532583862902267,,,
3,87,keep_random_A,keep_random_A_00,1,8,train_distribution,minimal_step,13.089276313781738,1.712723731994629,4,52,8,8,16,16,,16,0.05431196078816927,0.05431196078816927,0.0,0.04304627824963622,1.5089063021433233,1.612783377604048e+16,3.746626754236709e+17,9.355914272783214e-17,5848948.602130724,6037455.492553799,,,
3,87,keep_random_A,keep_random_A_01,1,8,train_distribution,minimal_step,13.089276313781738,1.712723731994629,4,52,8,8,16,16,,16,0.05431196078816927,0.05431196078816927,0.0,0.04304627824963622,1.5089063021433233,1858218041337221.0,4.316791408913323e+16,8.120178948738846e-16,1985354.769148835,2049341.1868185936,,,
3,87,keep_random_A,keep_random_A_02,1,8,train_distribution,minimal_step,13.089276313781738,1.712723731994629,4,52,8,8,16,16,,16,0.05431196078816927,0.05431196078816927,0.0,0.04304627824963622,1.5089063021433233,58690354978.961075,1363424606387.593,2.5709612809195412e-11,11157.66038077411,11517.271534121768,,,
3,87,keep_random_A,keep_random_A_03,1,8,train_distribution,minimal_step,13.089276313781738,1.712723731994629,4,52,8,8,16,16,,16,0.05431196078816927,0.05431196078816927,0.0,0.04304627824963622,1.5089063021433233,91618596462.4838,2128374395834.2798,1.6469432630537994e-11,13940.602358061993,14389.890088013219,,,
3,87,keep_random_A,keep_random_A_04,1,8,train_distribution,minimal_step,13.089276313781738,1.712723731994629,4,52,8,8,16,16,,16,0.05431196078816927,0.05431196078816927,0.0,0.04304627824963622,1.5089063021433233,2.0827813127040744e+16,4.838470124235829e+17,7.244669869753684e-17,6646784.858680415,6861005.365747527,,,
4,159,base,base,1,8,train_distribution,minimal_smooth,14.485552787780762,1.5232555866241455,8,116,8,8,8,32,,8,0.30488990865654175,0.30488990865654175,0.0,0.011493298160200081,0.1770189075560964,0.1770189075560964,15.401924242171992,1.0,0.02623288667673452,0.0,0.027892713245247194,0.026206026201425748,0.0
4,159,keep_Q,keep_Q,1,8,train_distribution,minimal_smooth,14.485552787780762,1.5232555866241455,8,116,8,8,8,32,,8,0.30488990865654175,0.30488990865654175,0.0,0.011493298160200081,0.1770189075560964,3656990300511043.0,3.181845845759717e+17,4.840562676126295e-17,4055803.618412705,4137778.2717818627,18320343.478203606,18320343.481009353,18320343.480614956
4,159,remove_Q,remove_Q,1,8,train_distribution,minimal_smooth,14.485552787780762,1.5232555866241455,8,116,8,8,8,32,,8,0.30488990865654175,0.30488990865654175,0.0,0.011493298160200081,0.1770189075560964,297648158524903.9,2.589754084303006e+16,5.947253577289826e-16,1157088.6026473627,1180475.3334533744,49649093.01137083,49649093.01227267,49649093.008968525
4,159,zero_context,zero_context,1,8,train_distribution,minimal_smooth,14.485552787780762,1.5232555866241455,8,116,8,8,8,32,,8,0.30488990865654175,0.30488990865654175,0.0,0.011493298160200081,0.1770189075560964,160.00715952429744,13921.7792224675,0.0011063186677544618,0.8463658641103429,0.8438158148305469,,,
4,159,keep_response_svd,keep_response_svd,1,8,train_distribution,minimal_smooth,14.485552787780762,1.5232555866241455,8,116,8,8,8,32,,8,0.30488990865654175,0.30488990865654175,0.0,0.011493298160200081,0.1770189075560964,3.579628928999597,311.4535861773276,0.049451747951307364,0.12750371598431082,0.1444669268943962,,,
4,159,keep_krr_oracle,keep_krr_oracle,1,8,train_distribution,minimal_smooth,14.485552787780762,1.5232555866241455,8,116,8,8,8,32,,8,0.30488990865654175,0.30488990865654175,0.0,0.011493298160200081,0.1770189075560964,4748796282687535.0,4.131795953168647e+17,3.727658484771098e-17,4621753.557491427,4715167.029031082,,,
4,159,keep_random_A,keep_random_A_00,1,8,train_distribution,minimal_smooth,14.485552787780762,1.5232555866241455,8,116,8,8,8,32,,8,0.30488990865654175,0.30488990865654175,0.0,0.011493298160200081,0.1770189075560964,2.08390403670789e+16,1.8131471120484813e+18,8.494580577508134e-18,9681750.177915303,9877434.757781973,,,
4,159,keep_random_A,keep_random_A_01,1,8,train_distribution,minimal_smooth,14.485552787780762,1.5232555866241455,8,116,8,8,8,32,,8,0.30488990865654175,0.30488990865654175,0.0,0.011493298160200081,0.1770189075560964,449524476320008.6,3.911187807488178e+16,3.937914771743813e-16,1421974.0952858366,1450714.6011702216,,,
4,159,keep_random_A,keep_random_A_02,1,8,train_distribution,minimal_smooth,14.485552787780762,1.5232555866241455,8,116,8,8,8,32,,8,0.30488990865654175,0.30488990865654175,0.0,0.011493298160200081,0.1770189075560964,5.962648507534333e+16,5.187935111769981e+18,2.968796623386694e-18,16377010.158042662,16708017.293192696,,,
4,159,keep_random_A,keep_random_A_03,1,8,train_distribution,minimal_smooth,14.485552787780762,1.5232555866241455,8,116,8,8,8,32,,8,0.30488990865654175,0.30488990865654175,0.0,0.011493298160200081,0.1770189075560964,6611881774076374.0,5.752814972618157e+17,2.6772848275984865e-17,5453528.086506585,5563753.131160871,,,
4,159,keep_random_A,keep_random_A_04,1,8,train_distribution,minimal_smooth,14.485552787780762,1.5232555866241455,8,116,8,8,8,32,,8,0.30488990865654175,0.30488990865654175,0.0,0.011493298160200081,0.1770189075560964,3.5417809146628704e+16,3.081605354090295e+18,4.99801969182349e-18,12621932.71320505,12877043.361824442,,,
5,185,base,base,1,8,train_distribution,minimal_step,13.473682403564453,0.7055883407592773,8,108,8,8,18,51,,18,0.33431171576288615,0.33431171576288615,0.0,0.019816243047179077,0.30387237469487305,0.30387237469487305,15.33450987512643,1.0,0.0372061569369722,0.0,0.03263389871655009,0.031057929931631322,0.0
5,185,keep_Q,keep_Q,1,8,train_distribution,minimal_step,13.473682403564453,0.7055883407592773,8,108,8,8,18,51,,18,0.33431171576288615,0.33431171576288615,0.0,0.019816243047179077,0.30387237469487305,363883905082845.9,1.8362910881568252e+16,8.35080558525088e-16,1510379.6216176008,1529377.5645513108,409062912.7045882,409062912.7058746,409062912.70754176
5,185,remove_Q,remove_Q,1,8,train_distribution,minimal_step,13.473682403564453,0.7055883407592773,8,108,8,8,18,51,,18,0.33431171576288615,0.33431171576288615,0.0,0.019816243047179077,0.30387237469487305,1890640514715901.0,9.540862565192656e+16,1.6072456520933846e-16,3442779.231394625,3486083.465630211,668945678.8144306,668945678.8165218,668945678.8165445
5,185,zero_context,zero_context,1,8,train_distribution,minimal_step,13.473682403564453,0.7055883407592773,8,108,8,8,18,51,,18,0.33431171576288615,0.33431171576288615,0.0,0.019816243047179077,0.30387237469487305,142.09035638918095,7170.398346996864,0.002138585491773814,0.9446618331757342,0.9439235164404745,,,
5,185,keep_response_svd,keep_response_svd,1,8,train_distribution,minimal_step,13.473682403564453,0.7055883407592773,8,108,8,8,18,51,,18,0.33431171576288615,0.33431171576288615,0.0,0.019816243047179077,0.30387237469487305,0.32247465236871964,16.27324874856262,0.9423139848753861,0.03806532830512083,0.009030222463039495,,,
5,185,keep_krr_oracle,keep_krr_oracle,1,8,train_distribution,minimal_step,13.473682403564453,0.7055883407592773,8,108,8,8,18,51,,18,0.33431171576288615,0.33431171576288615,0.0,0.019816243047179077,0.30387237469487305,213593684929332.7,1.0778717460257362e+16,1.4226655380537538e-15,1157174.6208155984,1171729.8757953767,,,
5,185,keep_random_A,keep_random_A_00,1,8,train_distribution,minimal_step,13.473682403564453,0.7055883407592773,8,108,8,8,18,51,,18,0.33431171576288615,0.33431171576288615,0.0,0.019816243047179077,0.30387237469487305,282485921811168.9,1.4255271351820742e+16,1.0757080308518886e-15,1330770.2980009029,1347509.0960770324,,,
5,185,keep_random_A,keep_random_A_01,1,8,train_distribution,minimal_step,13.473682403564453,0.7055883407592773,8,108,8,8,18,51,,18,0.33431171576288615,0.33431171576288615,0.0,0.019816243047179077,0.30387237469487305,3.0487889982682308e+16,1.5385302809465887e+18,9.966986067828185e-18,13825103.10201101,13998999.06567614,,,
5,185,keep_random_A,keep_random_A_02,1,8,train_distribution,minimal_step,13.473682403564453,0.7055883407592773,8,108,8,8,18,51,,18,0.33431171576288615,0.33431171576288615,0.0,0.019816243047179077,0.30387237469487305,2288799250323095.5,1.1550116966540312e+17,1.3276497475782434e-16,3787987.5743823964,3835633.93793702,,,
5,185,keep_random_A,keep_random_A_03,1,8,train_distribution,minimal_step,13.473682403564453,0.7055883407592773,8,108,8,8,18,51,,18,0.33431171576288615,0.33431171576288615,0.0,0.019816243047179077,0.30387237469487305,21433536299458.05,1081614524429705.2,1.417742599491417e-14,366565.51750075346,371176.26760631823,,,
5,185,keep_random_A,keep_random_A_04,1,8,train_distribution,minimal_step,13.473682403564453,0.7055883407592773,8,108,8,8,18,51,,18,0.33431171576288615,0.33431171576288615,0.0,0.019816243047179077,0.30387237469487305,2352481054292257.5,1.187147860818725e+17,1.291710188868207e-16,3840323.066412145,3888627.7014853703,,,
6,143,base,base,1,8,train_distribution,minimal_step,8.992897987365723,1.9402694702148438,8,72,8,8,8,10,8,8,0.005037340766746423,0.005037340766746423,1.0,0.009212946715558005,0.1214795586300852,0.1214795586300852,13.18574419028619,1.0,0.01643917092923291,0.0,0.018461052006732044,0.018380611395505477,0.0
6,143,keep_Q,keep_Q,1,8,train_distribution,minimal_step,8.992897987365723,1.9402694702148438,8,72,8,8,8,10,8,8,0.005037340766746423,0.005037340766746423,1.0,0.009212946715558005,0.1214795586300852,1.0865553027791748,117.93786899302226,0.11180246262603165,0.04416905951846726,0.04570035309570927,0.08059152556712101,0.08056951916179325,0.08668204781931121
6,143,remove_Q,remove_Q,1,8,train_distribution,minimal_step,8.992897987365723,1.9402694702148438,8,72,8,8,8,10,8,8,0.005037340766746423,0.005037340766746423,1.0,0.009212946715558005,0.1214795586300852,68.37976873757478,7422.13874113709,0.00177654240242161,0.359031092111676,0.3646597388711774,0.461618170900346,0.46172463075533937,0.46743250692554955
6,143,zero_context,zero_context,1,8,train_distribution,minimal_step,8.992897987365723,1.9402694702148438,8,72,8,8,8,10,8,8,0.005037340766746423,0.005037340766746423,1.0,0.009212946715558005,0.1214795586300852,398.62202775839836,43267.592884830316,0.00030474873481832015,0.8661436183326694,0.8662463069855203,,,
6,143,keep_response_svd,keep_response_svd,1,8,train_distribution,minimal_step,8.992897987365723,1.9402694702148438,8,72,8,8,8,10,8,8,0.005037340766746423,0.005037340766746423,1.0,0.009212946715558005,0.1214795586300852,3.252313537280912,353.0155592660375,0.037351736613822246,0.08144228537272141,0.06949871626009357,,,
6,143,keep_krr_oracle,keep_krr_oracle,1,8,train_distribution,minimal_step,8.992897987365723,1.9402694702148438,8,72,8,8,8,10,8,8,0.005037340766746423,0.005037340766746423,1.0,0.009212946715558005,0.1214795586300852,1.0967526347867818,119.04471703224804,0.11076295125901556,0.044106634785483725,0.04669792336878676,,,
6,143,keep_random_A,keep_random_A_00,1,8,train_distribution,minimal_step,8.992897987365723,1.9402694702148438,8,72,8,8,8,10,8,8,0.005037340766746423,0.005037340766746423,1.0,0.009212946715558005,0.1214795586300852,1262936604337121.2,1.3708280784956525e+17,9.618816828406545e-17,1540528.4801465378,1522961.9189920132,,,
6,143,keep_random_A,keep_random_A_01,1,8,train_distribution,minimal_step,8.992897987365723,1.9402694702148438,8,72,8,8,8,10,8,8,0.005037340766746423,0.005037340766746423,1.0,0.009212946715558005,0.1214795586300852,1.7077753655407498e+17,1.853668992415652e+19,7.11332187366574e-19,17914072.571822874,17709799.313271657,,,
6,143,keep_random_A,keep_random_A_02,1,8,train_distribution,minimal_step,8.992897987365723,1.9402694702148438,8,72,8,8,8,10,8,8,0.005037340766746423,0.005037340766746423,1.0,0.009212946715558005,0.1214795586300852,45995024322494.25,4992433554925694.0,2.6411456547632395e-15,293991.2324295105,290638.8736288874,,,
6,143,keep_random_A,keep_random_A_03,1,8,train_distribution,minimal_step,8.992897987365723,1.9402694702148438,8,72,8,8,8,10,8,8,0.005037340766746423,0.005037340766746423,1.0,0.009212946715558005,0.1214795586300852,1.3056136263875507e+18,1.4171509579912652e+20,9.304403398898497e-20,49532049.00873246,48967237.57278898,,,
6,143,keep_random_A,keep_random_A_04,1,8,train_distribution,minimal_step,8.992897987365723,1.9402694702148438,8,72,8,8,8,10,8,8,0.005037340766746423,0.005037340766746423,1.0,0.009212946715558005,0.1214795586300852,1.3488813854780772e+16,1.4641150406310354e+18,9.005948183281498e-18,5034610.041351398,4977200.635598969,,,
7,127,base,base,1,8,train_distribution,minimal_step,15.15468978881836,1.4154863357543945,4,61,8,8,34,43,,34,0.2858027618193804,0.2858027618193804,0.0,0.08050913468142777,1.0498691903560768,1.0498691903560768,13.040373549043567,1.0,0.06508758896279469,0.0,0.07042901611199165,0.06687813901990472,0.0
7,127,keep_Q,keep_Q,1,8,train_distribution,minimal_step,15.15468978881836,1.4154863357543945,4,61,8,8,34,43,,34,0.2858027618193804,0.2858027618193804,0.0,0.08050913468142777,1.0498691903560768,3.738141704985931e+16,4.643127416258597e+17,2.808532348989772e-17,13240981.67932793,13605724.100076625,16726628.882548513,16726628.880530784,16726628.878638892
7,127,remove_Q,remove_Q,1,8,train_distribution,minimal_step,15.15468978881836,1.4154863357543945,4,61,8,8,34,43,,34,0.2858027618193804,0.2858027618193804,0.0,0.08050913468142777,1.0498691903560768,2.316504801771746e+16,2.8773192146929488e+17,4.53212611324224e-17,10423388.059632817,10710515.6776714,184378234.2121662,184378234.21780434,184378234.2260888
7,127,zero_context,zero_context,1,8,train_distribution,minimal_step,15.15468978881836,1.4154863357543945,4,61,8,8,34,43,,34,0.2858027618193804,0.2858027618193804,0.0,0.08050913468142777,1.0498691903560768,119.84492867042496,1488.5879614114317,0.008760230424461515,0.7491712152860582,0.7518061072691535,,,
7,127,keep_response_svd,keep_response_svd,1,8,train_distribution,minimal_step,15.15468978881836,1.4154863357543945,4,61,8,8,34,43,,34,0.2858027618193804,0.2858027618193804,0.0,0.08050913468142777,1.0498691903560768,0.9793286749458616,12.164193278452634,1.072029459786945,0.0646030071814652,0.012937024141559807,,,
7,127,keep_krr_oracle,keep_krr_oracle,1,8,train_distribution,minimal_step,15.15468978881836,1.4154863357543945,4,61,8,8,34,43,,34,0.2858027618193804,0.2858027618193804,0.0,0.08050913468142777,1.0498691903560768,3.158693862079625e+16,3.92339810206442e+17,3.3237446748475415e-17,12171555.200274928,12506838.666636303,,,
7,127,keep_random_A,keep_random_A_00,1,8,train_distribution,minimal_step,15.15468978881836,1.4154863357543945,4,61,8,8,34,43,,34,0.2858027618193804,0.2858027618193804,0.0,0.08050913468142777,1.0498691903560768,197684963494878.4,2455435203435136.5,5.310819658690312e-15,962895.4268694138,989419.7956964206,,,
7,127,keep_random_A,keep_random_A_01,1,8,train_distribution,minimal_step,15.15468978881836,1.4154863357543945,4,61,8,8,34,43,,34,0.2858027618193804,0.2858027618193804,0.0,0.08050913468142777,1.0498691903560768,32525814497921.93,404001541273864.1,3.227802920732862e-14,390576.75913754455,401335.7636313818,,,
7,127,keep_random_A,keep_random_A_02,1,8,train_distribution,minimal_step,15.15468978881836,1.4154863357543945,4,61,8,8,34,43,,34,0.2858027618193804,0.2858027618193804,0.0,0.08050913468142777,1.0498691903560768,34477430259272.266,428242464606015.5,3.045091187078039e-14,402123.77609068947,413200.878727409,,,
7,127,keep_random_A,keep_random_A_03,1,8,train_distribution,minimal_step,15.15468978881836,1.4154863357543945,4,61,8,8,34,43,,34,0.2858027618193804,0.2858027618193804,0.0,0.08050913468142777,1.0498691903560768,2891224131560.3677,35911752660128.01,3.6312272677022516e-13,116448.31068031582,119656.04146804378,,,
7,127,keep_random_A,keep_random_A_04,1,8,train_distribution,minimal_step,15.15468978881836,1.4154863357543945,4,61,8,8,34,43,,34,0.2858027618193804,0.2858027618193804,0.0,0.08050913468142777,1.0498691903560768,129894685504149.25,1613415496491654.2,8.082464546423193e-15,780527.1208983575,802027.8865613865,,,
8,253,base,base,1,8,train_distribution,minimal_step,15.925694465637207,1.7469875812530518,8,127,8,8,32,36,,32,1.7491700485538384,1.7491700485538384,0.0,0.02294172117740973,0.26666987666661157,0.26666987666661157,11.62379555589736,1.0,0.020633993205134097,0.0,0.03264211500515643,0.030106499543681803,0.0
8,253,keep_Q,keep_Q,1,8,train_distribution,minimal_step,15.925694465637207,1.7469875812530518,8,127,8,8,32,36,,32,1.7491700485538384,1.7491700485538384,0.0,0.02294172117740973,0.26666987666661157,14282514437.927837,622556360417.7856,1.8671073488184834e-11,4527.767490446795,4498.331046256097,1192342.7884850833,1192342.7894370954,1192342.7902928952
8,253,remove_Q,remove_Q,1,8,train_distribution,minimal_step,15.925694465637207,1.7469875812530518,8,127,8,8,32,36,,32,1.7491700485538384,1.7491700485538384,0.0,0.02294172117740973,0.26666987666661157,440726589748464.1,1.9210702908482692e+16,6.050687271190242e-16,795364.9514995427,790195.4358415845,231808439.76866776,231808439.7676879,231808439.76316363
8,253,zero_context,zero_context,1,8,train_distribution,minimal_step,15.925694465637207,1.7469875812530518,8,127,8,8,32,36,,32,1.7491700485538384,1.7491700485538384,0.0,0.02294172117740973,0.26666987666661157,607.3593787899785,26474.010999141316,0.0004390643924819091,0.9349813766407984,0.9362921617495872,,,
8,253,keep_response_svd,keep_response_svd,1,8,train_distribution,minimal_step,15.925694465637207,1.7469875812530518,8,127,8,8,32,36,,32,1.7491700485538384,1.7491700485538384,0.0,0.02294172117740973,0.26666987666661157,0.3204149049788896,13.966471935610304,0.8322642689926707,0.022426526667113443,0.010800664748515234,,,
8,253,keep_krr_oracle,keep_krr_oracle,1,8,train_distribution,minimal_step,15.925694465637207,1.7469875812530518,8,127,8,8,32,36,,32,1.7491700485538384,1.7491700485538384,0.0,0.02294172117740973,0.26666987666661157,427888266221598.7,1.8651096964901308e+16,6.232231582824151e-16,783694.8862370586,778601.2207283913,,,
8,253,keep_random_A,keep_random_A_00,1,8,train_distribution,minimal_step,15.925694465637207,1.7469875812530518,8,127,8,8,32,36,,32,1.7491700485538384,1.7491700485538384,0.0,0.02294172117740973,0.26666987666661157,230544067982.12466,10049118206925.857,1.1566980621131745e-12,18191.093317420797,18072.85211669722,,,
8,253,keep_random_A,keep_random_A_01,1,8,train_distribution,minimal_step,15.925694465637207,1.7469875812530518,8,127,8,8,32,36,,32,1.7491700485538384,1.7491700485538384,0.0,0.02294172117740973,0.26666987666661157,4.730581249424098e+16,2.0619992775791424e+18,5.637148219345689e-18,8240225.131042945,8186667.431599497,,,
8,253,keep_random_A,keep_random_A_02,1,8,train_distribution,minimal_step,15.925694465637207,1.7469875812530518,8,127,8,8,32,36,,32,1.7491700485538384,1.7491700485538384,0.0,0.02294172117740973,0.26666987666661157,3.000204325145856e+16,1.3077503217588134e+18,8.888390514990918e-18,6562317.523584396,6519665.470785118,,,
8,253,keep_random_A,keep_random_A_03,1,8,train_distribution,minimal_step,15.925694465637207,1.7469875812530518,8,127,8,8,32,36,,32,1.7491700485538384,1.7491700485538384,0.0,0.02294172117740973,0.26666987666661157,9613998957243500.0,4.190617993697098e+17,2.7737664405059437e-17,3714786.508130431,3690642.0880688676,,,
8,253,keep_random_A,keep_random_A_04,1,8,train_distribution,minimal_step,15.925694465637207,1.7469875812530518,8,127,8,8,32,36,,32,1.7491700485538384,1.7491700485538384,0.0,0.02294172117740973,0.26666987666661157,1.526889803351269e+16,6.655515475686139e+17,1.7464906510038613e-17,4681506.94182184,4651079.297060522,,,
