checkpoint,ell,n,candidate_rank_mean,candidate_rank_std,causal_damage_tau_mean,causal_damage_tau_std,causal_max_damage_mean,causal_max_damage_std,causal_max_keep_mean,causal_max_keep_std,causal_mean_damage_mean,causal_mean_damage_std,causal_min_kept_damage_mean,causal_min_kept_damage_std,causal_sum_kept_damage_mean,causal_sum_kept_damage_std,d_x_mean,d_x_std,ell_mean,ell_std,entropy_rank_mean,entropy_rank_std,gamma_mean,gamma_std,hidden_s_mean,hidden_s_std,kernel_lengthscale_mean,kernel_lengthscale_std,kernel_signal_var_mean,kernel_signal_var_std,min_explainable_frac_mean,min_explainable_frac_std,n_causal_mean,n_causal_std,n_heads_mean,n_heads_std,n_layers_mean,n_layers_std,participation_rank_mean,participation_rank_std,s_mean,s_std,val_capture_mean,val_capture_std,val_explainable_frac_mean,val_explainable_frac_std,val_full_resid_ratio_mean,val_full_resid_ratio_std,val_resid_ratio_mean,val_resid_ratio_std,val_total_norm_mean,val_total_norm_std
H1,0.0,16,5.125,0.3415650255319866,0.05,0.0,1.3173324260688095,0.9340744462913563,0.0,0.0,0.7156861905769181,0.29878184058571683,0.3634825076623721,0.15142085201529681,3.628349207142151,1.443991412602955,5.0,0.0,0.0,0.0,3.533182705459133,0.39612860345509954,0.95,0.0,4.8125,0.4031128874149275,nan,nan,nan,nan,0.001,0.0,8.0,0.0,1.0,0.0,8.0,0.0,2.9343400809292826,0.49440433226889535,5.0,0.0,0.9942227088241395,0.013775130734389317,0.9999979564710786,2.0528366096925547e-06,0.001317819738405039,0.0005721352367392483,0.033266083270451906,0.07059889760626742,2807.785506517611,809.1180720868946
H1,1.0,16,16.0,0.0,0.05,0.0,1769.0764797997435,7068.3965642921485,0.0,0.0,110.57147284812478,441.77571835697984,1769.0370826725666,7068.407079501745,1769.081190120503,7068.395307327723,5.0,0.0,1.0,0.0,1.9065675126743025,0.5047843956694487,0.95,0.0,4.0,2.7325202042558927,nan,nan,nan,nan,0.001,0.0,8.0,0.0,1.0,0.0,8.0,0.0,1.2789472448945802,0.1761963778929776,1.0625,0.25,0.9591790764895709,0.0077867296409117855,0.9552096203039682,0.023928540604447532,0.20453358026905555,0.05615591854442542,0.2852005294568482,0.050112225179831396,12.10400366079572,3.820251354130938
H1,2.0,16,16.0,0.0,0.05,0.0,0.020970576125759168,0.021218935194378067,0.0,0.0,0.00440304959721474,0.002437244160361021,0.005685369067209766,0.022741476268839066,0.005685369067209766,0.022741476268839066,5.0,0.0,2.0,0.0,14.298242882091868,4.140856655139319,0.95,0.0,14.125,0.9574271077563381,nan,nan,nan,nan,0.001,0.0,8.0,0.0,1.0,0.0,8.0,0.0,9.364122741747003,3.4974586038703825,0.0625,0.25,0.9612666807061154,0.007772793378917669,0.7128053468641813,0.07979713570666509,0.530814674609822,0.07610823419053148,0.5574503284169561,0.0674980459511947,4.125278431148158,0.5770962691003386
H1,3.0,16,16.0,0.0,0.05,0.0,0.016476183695597953,0.04096417305958815,0.0,0.0,0.0029316913193747616,0.0028465027938071636,0.010575682171987209,0.042302728687948835,0.010575682171987209,0.042302728687948835,5.0,0.0,3.0,0.0,14.153202260332044,5.516604302789689,0.95,0.0,13.25,2.016597794967223,nan,nan,nan,nan,0.001,0.0,8.0,0.0,1.0,0.0,8.0,0.0,9.248446735260652,4.439082009531698,0.0625,0.25,0.9594179566751475,0.007199731398378208,0.7341420030791803,0.10013268388014389,0.5051245782323561,0.10686892850013194,0.536886834573609,0.09138914378304432,4.314961905216237,1.0547270832620617
H1,4.0,16,16.0,0.0,0.05,0.0,0.005240200661433338,0.0038428376246704182,0.0,0.0,0.0018579304168267869,0.0006340832485568727,0.0,0.0,0.0,0.0,5.0,0.0,4.0,0.0,16.22973141705733,5.089357968549179,0.95,0.0,14.25,0.7745966692414834,nan,nan,nan,nan,0.001,0.0,8.0,0.0,1.0,0.0,8.0,0.0,11.053460215473486,4.335637043536037,0.0,0.0,0.9625606577942756,0.006981468507933451,0.7004786780310226,0.08790472742557132,0.5414485680528229,0.0823311694557588,0.5661458841779348,0.07503204822163378,3.8962660830352016,0.516225062806374
H1,5.0,16,16.0,0.0,0.05,0.0,0.005289189737245972,0.003040334415332938,0.0,0.0,0.001608414843498906,0.0004576967021075964,0.0,0.0,0.0,0.0,5.0,0.0,5.0,0.0,16.703927861523546,5.10521937047869,0.95,0.0,14.375,0.8850612031567836,nan,nan,nan,nan,0.001,0.0,8.0,0.0,1.0,0.0,8.0,0.0,11.465113558255617,4.498027546352155,0.0,0.0,0.9647989006767617,0.011638587397220176,0.6881218427050205,0.08648682733658468,0.5529973478193323,0.08047916897974276,0.5761131511246992,0.07069006195968687,3.778661062580575,0.486619199374044
H1,6.0,16,16.0,0.0,0.05,0.0,0.011347815045834025,0.012568482650585657,0.0,0.0,0.0016055055479764664,0.0010642958173578332,0.0,0.0,0.0,0.0,5.0,0.0,6.0,0.0,13.150165104014432,6.240829517766773,0.95,0.0,13.5,3.32665998663324,nan,nan,nan,nan,0.001,0.0,8.0,0.0,1.0,0.0,8.0,0.0,8.577340419221311,5.245554925253984,0.0,0.0,0.9632626337565706,0.011991136623175292,0.6474030737843273,0.13866726724626233,0.5774789127975244,0.1427913405024257,0.6028150723002472,0.12201853148995224,5.774154462571578,2.17643581754004
H1,7.0,16,16.0,0.0,0.05,0.0,0.0008404749914376205,0.00043654688375226246,0.0,0.0,0.00034390462332298087,9.484942107926752e-05,0.0,0.0,0.0,0.0,5.0,0.0,7.0,0.0,18.158833949434033,3.3100241944267768,0.95,0.0,15.4375,0.6291528696058958,nan,nan,nan,nan,0.001,0.0,8.0,0.0,1.0,0.0,8.0,0.0,13.78791071184843,3.8490314233211165,0.0,0.0,0.9794559743987008,0.02169255955120196,0.5160159105022595,0.06577925583102075,0.694117656511374,0.048274420189665296,0.702940279347465,0.040225932178607746,4.959158419240143,0.27345311952861207
H1,8.0,16,16.0,0.0,0.05,0.0,0.0,0.0,0.0,0.0,0.0,0.0,0.0,0.0,0.0,0.0,5.0,0.0,8.0,0.0,18.24418966726538,3.247042113205172,0.95,0.0,15.375,0.6191391873668903,nan,nan,nan,nan,0.001,0.0,8.0,0.0,1.0,0.0,8.0,0.0,13.850071390913683,3.8298015960548866,0.0,0.0,0.9763064027063768,0.02204503242883883,0.5166742997996376,0.06368327066926817,0.6937385636137816,0.04679037571020684,0.703612016411864,0.03938135498608535,4.950371982788969,0.2668579096660721
H2,0.0,16,6.4375,3.244867742553873,0.05,0.0,49.87402101798627,84.05520321533845,0.0,0.0,12.760159968084455,17.31466958859796,0.54430681164362,0.2775165615992902,64.77338324557006,85.88968646042154,5.0,0.0,0.0,0.0,3.616105863067118,0.3080620258334644,0.95,0.0,4.9375,0.25,nan,nan,nan,nan,0.001,0.0,8.0,0.0,2.0,0.0,8.0,0.0,3.064090612259222,0.3921879204461767,5.0,0.0,0.9979802941142801,0.008075076539320575,0.9999959880444512,6.5991071776533675e-06,0.001591708387683223,0.0012557791556885264,0.012866283142959754,0.04452025949081871,3774.439498528556,1728.0977580502506
H2,1.0,16,16.0,0.0,0.05,0.0,968.8653055949326,3310.7949982135856,0.0,0.0,60.556875554686,206.92512901182076,968.8653055949326,3310.7949982135856,968.8653055949326,3310.7949982135856,5.0,0.0,1.0,0.0,6.989484927234361,2.7234961012789944,0.95,0.0,10.375,2.825479310370779,nan,nan,nan,nan,0.001,0.0,8.0,0.0,2.0,0.0,8.0,0.0,3.7443862161555552,1.6540479288573169,1.0,0.0,0.956754197656668,0.006020144106166369,0.8697502877504321,0.09353011102915702,0.34098599439123234,0.12210711747127041,0.3984268610901304,0.1000856401368462,8.866504873856435,3.279411170718973
H2,2.0,16,16.0,0.0,0.05,0.0,0.007432797791851778,0.007621151486991504,0.0,0.0,0.0016380628895688349,0.00048786780986099625,0.0,0.0,0.0,0.0,5.0,0.0,2.0,0.0,13.447106600712615,1.144308880768907,0.95,0.0,13.3125,1.138346754435279,nan,nan,nan,nan,0.001,0.0,8.0,0.0,2.0,0.0,8.0,0.0,8.590048449323355,1.2899609479025582,0.0,0.0,0.9593312863431893,0.006335384051136558,0.7824937291185945,0.10801228571680929,0.45504029440481475,0.10555050026395137,0.4911229482663939,0.09390934895056317,5.747499661659161,1.4917600496566186
H2,3.0,16,16.0,0.0,0.05,0.0,0.010765766601186489,0.010678967999173441,0.0,0.0,0.0017156439708283311,0.0006153111413554937,0.0,0.0,0.0,0.0,5.0,0.0,3.0,0.0,12.58480645576681,2.313708425948131,0.95,0.0,13.1875,1.3768926368215255,nan,nan,nan,nan,0.001,0.0,8.0,0.0,2.0,0.0,8.0,0.0,7.474245660078077,2.1679015298450994,0.0,0.0,0.9597717787949565,0.006018804450344103,0.7908226336368158,0.09060535250991739,0.44857058864976007,0.09215519293917804,0.48492057237599634,0.08044586615274882,5.631754228571283,1.4175770210742713
H2,4.0,16,16.0,0.0,0.05,0.0,0.010930564533320086,0.011245332331816174,0.0,0.0,0.0014166372917815096,0.0005999233440027108,0.0,0.0,0.0,0.0,5.0,0.0,4.0,0.0,13.870195779652104,2.3373470081550116,0.95,0.0,13.4375,1.0935416468216166,nan,nan,nan,nan,0.001,0.0,8.0,0.0,2.0,0.0,8.0,0.0,8.422739317703758,2.349779613910058,0.0,0.0,0.9604847385460156,0.007110379853735718,0.7606489392233255,0.10093425024733953,0.48030580363095576,0.09609659459828676,0.5124594932282049,0.08623839415882387,5.123645369711118,1.209047002337621
H2,5.0,16,16.0,0.0,0.05,0.0,0.0058850563981723315,0.007110699995383167,0.0,0.0,0.0010141211897380011,0.00038481726706211144,0.0,0.0,0.0,0.0,5.0,0.0,5.0,0.0,15.101382672927357,2.4057908363767493,0.95,0.0,13.8125,0.8341662504161466,nan,nan,nan,nan,0.001,0.0,8.0,0.0,2.0,0.0,8.0,0.0,9.500858469405575,2.59991412723734,0.0,0.0,0.9576068221155525,0.004223034006692719,0.7149901492752673,0.10039573005779798,0.5267158804815564,0.08991985749233301,0.5559026668755955,0.08218375451748042,5.033852393604519,1.0622585291369506
H2,6.0,16,16.0,0.0,0.05,0.0,0.006732144416199572,0.014069196519144159,0.0,0.0,0.0009428009496481956,0.0008376269190982519,0.003677975828739012,0.014711903314956047,0.003677975828739012,0.014711903314956047,5.0,0.0,6.0,0.0,16.36290008547055,2.243396323170195,0.95,0.0,14.4375,0.6291528696058958,nan,nan,nan,nan,0.001,0.0,8.0,0.0,2.0,0.0,8.0,0.0,10.957149329652095,2.579541961769843,0.0625,0.25,0.9613802988100494,0.0076858724422190884,0.6506083465323089,0.09557786502372935,0.586063492549634,0.0794731731218557,0.6077389638279701,0.07405160528947992,5.348407694891349,0.9492724861962847
H2,7.0,16,16.0,0.0,0.05,0.0,0.002353593897729235,0.0023059942484963147,0.0,0.0,0.0004341820330298887,0.00017847961758239033,0.0,0.0,0.0,0.0,5.0,0.0,7.0,0.0,16.339368400150324,2.725305495048858,0.95,0.0,14.75,0.8563488385776752,nan,nan,nan,nan,0.001,0.0,8.0,0.0,2.0,0.0,8.0,0.0,11.283130088698337,3.281758735115873,0.0,0.0,0.970196904223501,0.0170340789709913,0.6132830839136234,0.10027092949420685,0.6170653651073277,0.07964756549570774,0.6336341297397302,0.0705507862465386,5.885061190030022,0.936350242518612
H2,8.0,16,16.0,0.0,0.05,0.0,0.0,0.0,0.0,0.0,0.0,0.0,0.0,0.0,0.0,0.0,5.0,0.0,8.0,0.0,17.247693162673,2.174632231834857,0.95,0.0,15.0,0.7302967433402214,nan,nan,nan,nan,0.001,0.0,8.0,0.0,2.0,0.0,8.0,0.0,12.282123196768282,2.598233956204062,0.0,0.0,0.9716109144071529,0.016244832201380247,0.5953258513849164,0.09459728033196949,0.632139642069642,0.07356536532266728,0.6464670808668085,0.06728480862066845,5.760956721811427,0.8615060455996705
H8,0.0,16,6.625,3.5378901433858383,0.05,0.0,129.10258182038137,181.83543050579775,0.0,0.0,30.41278935018666,42.23431879072642,0.65771609778099,1.0107718731745208,156.7467949007836,209.84782825934644,5.0,0.0,0.0,0.0,3.4309732439514864,0.3638373160519555,0.95,0.0,4.75,0.4472135954999579,nan,nan,nan,nan,0.001,0.0,8.0,0.0,8.0,0.0,8.0,0.0,2.825101264892388,0.45281664832980983,5.0,0.0,0.9929111689096934,0.013315696247464096,0.99999453359616,8.069522944691707e-06,0.001944554843768162,0.001340690488599318,0.0429864693437749,0.07480736057118573,2750.806453740614,1502.6253708170507
H8,1.0,16,16.0,0.0,0.05,0.0,8.322180237306076,31.90465172406423,0.0,0.0,0.5219021258095944,1.9943986450447728,8.322180237306076,31.90465172406423,8.322180237306076,31.90465172406423,5.0,0.0,1.0,0.0,4.95531261856809,1.7486355596056118,0.95,0.0,11.3125,2.676284738214527,nan,nan,nan,nan,0.001,0.0,8.0,0.0,8.0,0.0,8.0,0.0,2.6076651562277706,0.8493557719819573,1.0,0.0,0.9580872974785656,0.00432582172321505,0.837317617809597,0.06559406384540692,0.3948487104655631,0.08502158492404023,0.43941367263448083,0.07129744531287814,6.791623662326499,1.9934818139494355
H8,2.0,16,16.0,0.0,0.05,0.0,0.004514274061596071,0.0034388367029418027,0.0,0.0,0.0013164717331397126,0.00044671254197586733,0.0,0.0,0.0,0.0,5.0,0.0,2.0,0.0,12.241394739307617,1.6698087764522442,0.95,0.0,14.25,1.1832159566199232,nan,nan,nan,nan,0.001,0.0,8.0,0.0,8.0,0.0,8.0,0.0,7.940272582907172,2.0558852761485826,0.0,0.0,0.9677255248757106,0.017311141201976264,0.6979082070692917,0.10849599873211734,0.541195557552423,0.09905775509225095,0.565012679230548,0.08445299821969036,4.409115805805149,0.9993920756744561
H8,3.0,16,16.0,0.0,0.05,0.0,0.004527343869931203,0.0034615563985758518,0.0,0.0,0.0010508165114103346,0.00039324070397256963,0.0,0.0,0.0,0.0,5.0,0.0,3.0,0.0,12.703560788134796,2.617190020545575,0.95,0.0,13.875,1.2583057392117916,nan,nan,nan,nan,0.001,0.0,8.0,0.0,8.0,0.0,8.0,0.0,8.003566742048704,2.7083537161488,0.0,0.0,0.9586129028363242,0.008530450564991712,0.716622712517456,0.10963332380587269,0.5227468801068711,0.10386137849275115,0.5524076035802857,0.0925568193982152,4.306810444101961,1.0197773603503741
H8,4.0,16,16.0,0.0,0.05,0.0,0.004098758280499555,0.0035218447724901444,0.0,0.0,0.0008926811144245156,0.00033075855964867366,0.0,0.0,0.0,0.0,5.0,0.0,4.0,0.0,13.011305479318393,3.124842476145055,0.95,0.0,14.0625,1.6111590031195968,nan,nan,nan,nan,0.001,0.0,8.0,0.0,8.0,0.0,8.0,0.0,8.194056258993452,3.1606099870464486,0.0,0.0,0.9708239036486044,0.019284259012320146,0.7157956570887578,0.1148657904462475,0.5224539805437682,0.10952591717712763,0.5465229622424337,0.09255711839157559,4.233543219736082,1.0533524865788133
H8,5.0,16,16.0,0.0,0.05,0.0,0.002615012055988106,0.0019242020612178583,0.0,0.0,0.0007075268340148849,0.0002088068901689185,0.0,0.0,0.0,0.0,5.0,0.0,5.0,0.0,13.156338776905265,3.441812562687471,0.95,0.0,14.0625,1.6111590031195968,nan,nan,nan,nan,0.001,0.0,8.0,0.0,8.0,0.0,8.0,0.0,8.342623863114131,3.4395314878967653,0.0,0.0,0.9698130002951273,0.019629377159791593,0.7073243338251665,0.12040441492347405,0.5295852396401588,0.1141467599425377,0.5541596000832949,0.09661215687321627,4.25005373990972,1.0795095368494507
H8,6.0,16,16.0,0.0,0.05,0.0,0.0022793740942964684,0.0014861762546795752,0.0,0.0,0.0006531812750719841,0.00019192083090218245,0.0,0.0,0.0,0.0,5.0,0.0,6.0,0.0,14.506366941671281,3.0337869088799376,0.95,0.0,14.5,1.1547005383792515,nan,nan,nan,nan,0.001,0.0,8.0,0.0,8.0,0.0,8.0,0.0,9.812623985003526,3.375433375788512,0.0,0.0,0.9665624889319901,0.018014337397971175,0.6434463676704127,0.12463661164690476,0.5881010656892276,0.1067871096576888,0.6093089066562279,0.09320900388891272,4.559496368847276,0.9541095289330627
H8,7.0,16,16.0,0.0,0.05,0.0,0.0010163080820908591,0.000839989556470261,0.0,0.0,0.00026122947601099134,9.101935745380836e-05,0.0,0.0,0.0,0.0,5.0,0.0,7.0,0.0,16.078444800823974,1.7128572537239086,0.95,0.0,15.3125,0.47871355387816905,nan,nan,nan,nan,0.001,0.0,8.0,0.0,8.0,0.0,8.0,0.0,11.991992854613342,2.3407616035903613,0.0,0.0,0.9770068595009236,0.017494009304742895,0.5386894460186582,0.09742381772222979,0.6755128074833006,0.07297854228808467,0.6855463714368513,0.06789424558461868,5.608534145223737,0.715970762863107
H8,8.0,16,16.0,0.0,0.05,0.0,0.0,0.0,0.0,0.0,0.0,0.0,0.0,0.0,0.0,0.0,5.0,0.0,8.0,0.0,16.16742355563495,1.7385086383073105,0.95,0.0,15.3125,0.47871355387816905,nan,nan,nan,nan,0.001,0.0,8.0,0.0,8.0,0.0,8.0,0.0,12.016707106313145,2.4001219799878752,0.0,0.0,0.9761175269165936,0.01834566658469485,0.5390174968602186,0.09721792945895798,0.6752999019712472,0.07268228972634037,0.6855536518492469,0.06806087973219845,5.6282470028404425,0.7284024264930382
L12,0.0,16,5.8125,2.286737122335374,0.05,0.0,0.6810714222428609,0.1725681886794902,0.0,0.0,0.47258466212333683,0.1401776157842165,0.361115007297367,0.0821018808512821,2.503104349509754,0.45215113945024504,5.0,0.0,0.0,0.0,3.5760989819396896,0.39260533025461813,0.95,0.0,4.75,0.4472135954999579,nan,nan,nan,nan,0.001,0.0,8.0,0.0,4.0,0.0,12.0,0.0,2.9823868634493307,0.4576066566504536,5.0,0.0,0.992120294202099,0.016034270950837076,0.9999969246980507,4.192394944715678e-06,0.001495120711677489,0.0009465254392903703,0.04387245863783823,0.07971916609533046,5620.147798290389,2494.401738845781
L12,1.0,16,16.0,0.0,0.05,0.0,0.08788998647088225,0.030098578875853852,0.0,0.0,0.008164776165128028,0.0022202429179192453,0.08788998647088225,0.030098578875853852,0.08788998647088225,0.030098578875853852,5.0,0.0,1.0,0.0,7.788862520633676,1.8429408249683386,0.95,0.0,10.5625,2.1281838892977896,nan,nan,nan,nan,0.001,0.0,8.0,0.0,4.0,0.0,12.0,0.0,4.27701853067269,1.2168542325425165,1.0,0.0,0.9563403150373687,0.005891290553432303,0.8634410673868664,0.06811474004044583,0.3601558935292694,0.08545823132116175,0.41212457631123556,0.07016059002918701,11.303305391067006,2.775915790784865
L12,10.0,16,16.0,0.0,0.05,0.0,0.004633717467887906,0.004317023396741929,0.0,0.0,0.0009578028085739587,0.00036751052613311053,0.0,0.0,0.0,0.0,5.0,0.0,10.0,0.0,14.81660549976074,4.16783881120861,0.95,0.0,13.8125,1.3275918047351754,nan,nan,nan,nan,0.001,0.0,8.0,0.0,4.0,0.0,12.0,0.0,9.377309060605477,4.004296681193289,0.0,0.0,0.9642735422191901,0.013256124324812428,0.7191813185904288,0.09533204947669363,0.5225272873514352,0.09111993785604662,0.5491139650395251,0.07845479935352571,9.394406391423885,1.9401358929856025
L12,11.0,16,16.0,0.0,0.05,0.0,0.0023849149991255853,0.0018770247696148184,0.0,0.0,0.0004348146154257592,0.00023318838672683735,0.0,0.0,0.0,0.0,5.0,0.0,11.0,0.0,15.511892770480017,3.8467892971418283,0.95,0.0,14.25,1.0,nan,nan,nan,nan,0.001,0.0,8.0,0.0,4.0,0.0,12.0,0.0,9.985030510327546,3.9049600999915888,0.0,0.0,0.967903851298376,0.011239984113935267,0.6974961805174575,0.09367856549812023,0.5436825503419445,0.08587186694113431,0.5659378339340699,0.0750964699631949,9.293898543650673,1.7704028722899148
L12,12.0,16,16.0,0.0,0.05,0.0,0.0,0.0,0.0,0.0,0.0,0.0,0.0,0.0,0.0,0.0,5.0,0.0,12.0,0.0,15.730188600856815,3.7083327480791577,0.95,0.0,14.25,1.0,nan,nan,nan,nan,0.001,0.0,8.0,0.0,4.0,0.0,12.0,0.0,10.203356328832175,3.873989202475764,0.0,0.0,0.9662366227963992,0.01190540135965616,0.6914055647934176,0.09574156187299487,0.5491003225106225,0.08692231643055666,0.5720371714773254,0.07601871194167352,9.494912002136232,1.8338622648195557
L12,2.0,16,16.0,0.0,0.05,0.0,0.008673765246227209,0.007553329342788225,0.0,0.0,0.002838971552357852,0.0016459436771270345,0.0,0.0,0.0,0.0,5.0,0.0,2.0,0.0,11.664492813665213,1.26861768153273,0.95,0.0,13.125,1.02469507659596,nan,nan,nan,nan,0.001,0.0,8.0,0.0,4.0,0.0,12.0,0.0,7.0003434327814205,1.2550134111682556,0.0,0.0,0.9607056538061312,0.007043494911454806,0.7758474402268898,0.08869066573190725,0.46546402572222134,0.08941767480198022,0.49928119506251967,0.07824954225038283,8.152991465438127,1.8363516070200088
L12,3.0,16,16.0,0.0,0.05,0.0,0.013013482534070408,0.0144910902342289,0.0,0.0,0.002748165423085237,0.0017381377258851023,0.003246991533302915,0.012987966133211662,0.003246991533302915,0.012987966133211662,5.0,0.0,3.0,0.0,11.579104751011341,1.870355476687174,0.95,0.0,12.625,1.3102162671355697,nan,nan,nan,nan,0.001,0.0,8.0,0.0,4.0,0.0,12.0,0.0,6.882863677929569,1.6290976754980202,0.0625,0.25,0.9581551246893758,0.004802866257039949,0.8034521925614382,0.08817599154975125,0.4337702343928024,0.09460763150815164,0.4730289009942327,0.083480317704805,8.565395471317752,2.2424201936582793
L12,4.0,16,16.0,0.0,0.05,0.0,0.015447896478064035,0.01573158652869961,0.0,0.0,0.002268872509748825,0.0012679536685077154,0.0,0.0,0.0,0.0,5.0,0.0,4.0,0.0,11.520741300000033,2.794405346079055,0.95,0.0,12.4375,1.4127396551853895,nan,nan,nan,nan,0.001,0.0,8.0,0.0,4.0,0.0,12.0,0.0,6.681838399995317,2.2579804388024516,0.0,0.0,0.9580582950761116,0.0059647334761568265,0.8248856468727284,0.07914792535319869,0.409002240943773,0.09139814749531955,0.45199350350407697,0.07772592216267515,8.819233529283482,2.3092352520129973
L12,5.0,16,16.0,0.0,0.05,0.0,0.01477995260743747,0.01565616024793894,0.0,0.0,0.0019515021706490875,0.0010908737835281718,0.0032021739632086405,0.012808695852834562,0.0032021739632086405,0.012808695852834562,5.0,0.0,5.0,0.0,11.418709332588996,3.282128237720335,0.95,0.0,12.125,1.6278820596099706,nan,nan,nan,nan,0.001,0.0,8.0,0.0,4.0,0.0,12.0,0.0,6.554778726724807,2.518444005975566,0.0625,0.25,0.9567142059380185,0.0055035767052979395,0.83238165941796,0.07822504331079817,0.39913755168157883,0.09413496931340953,0.44491384834146186,0.07930197599520887,8.990415163434788,2.568623115383519
L12,6.0,16,16.0,0.0,0.05,0.0,0.011008200941663505,0.010286437857532025,0.0,0.0,0.0016162635115881448,0.0007539560937780403,0.0,0.0,0.0,0.0,5.0,0.0,6.0,0.0,11.8127511794296,3.6502701941368376,0.95,0.0,12.1875,1.9397164741270823,nan,nan,nan,nan,0.001,0.0,8.0,0.0,4.0,0.0,12.0,0.0,6.868932038491382,2.7606689241446687,0.0,0.0,0.9543877363488456,0.0037323995305228296,0.829883937201295,0.07291895462729747,0.40362414048924256,0.08765761279286215,0.45066631264804136,0.0730433381156022,8.810848017627393,2.292207295937323
L12,7.0,16,16.0,0.0,0.05,0.0,0.01101291267721953,0.011181500969870885,0.0,0.0,0.0015323207324472593,0.0008231147988706411,0.0,0.0,0.0,0.0,5.0,0.0,7.0,0.0,12.398050457165763,4.030557594613734,0.95,0.0,12.6875,1.7017148213885114,nan,nan,nan,nan,0.001,0.0,8.0,0.0,4.0,0.0,12.0,0.0,7.302226696140961,3.1659891914728404,0.0,0.0,0.959178256759381,0.005277252858562024,0.811937030418343,0.07756915229789886,0.4249084785931404,0.08953661091824332,0.46436501426683885,0.07775637104491799,8.929571294369595,2.293477597170705
L12,8.0,16,16.0,0.0,0.05,0.0,0.005942985777941217,0.004945092299895143,0.0,0.0,0.001104955176605334,0.0004561700036426901,0.0,0.0,0.0,0.0,5.0,0.0,8.0,0.0,12.663793589517185,4.422914515048361,0.95,0.0,12.6875,1.778341924377874,nan,nan,nan,nan,0.001,0.0,8.0,0.0,4.0,0.0,12.0,0.0,7.520376600523591,3.552422583880605,0.0,0.0,0.9579549495479438,0.0045932853838968266,0.792619493435243,0.08483124871554028,0.4462499806343555,0.0937597573863773,0.48440893832497445,0.0811373304489269,9.24070294037147,2.3298801730266248
L12,9.0,16,16.0,0.0,0.05,0.0,0.006008232878182302,0.005275755015151428,0.0,0.0,0.0010616142185848043,0.0004586323918190997,0.0,0.0,0.0,0.0,5.0,0.0,9.0,0.0,13.809646321968916,4.436726179669685,0.95,0.0,13.25,1.3416407864998738,nan,nan,nan,nan,0.001,0.0,8.0,0.0,4.0,0.0,12.0,0.0,8.487501516093417,3.951756499360596,0.0,0.0,0.9580677073430205,0.004976371459058421,0.7528619044236315,0.09241909343726769,0.48872549525986675,0.09400984833149251,0.5218732104384602,0.0831524191118912,9.386644564748426,2.131712000605294
L2,0.0,16,6.5,3.286335345030997,0.05,0.0,0.637452870545964,0.10595095476416697,0.0,0.0,0.43000296099930935,0.13980819302013078,0.321515157045656,0.07708449983407344,2.4032657457051174,0.3898907056607546,5.0,0.0,0.0,0.0,3.6184079382235206,0.47295273580455904,0.95,0.0,4.9375,0.25,nan,nan,nan,nan,0.001,0.0,8.0,0.0,4.0,0.0,2.0,0.0,3.066384154893367,0.5567586610862871,5.0,0.0,0.997589637652011,0.009638344851287797,0.9999954016517337,7.148137375627122e-06,0.0017581004305197237,0.00126804043783961,0.014045736905418993,0.048636615721379554,2062.8695091959835,975.3117772171402
L2,1.0,16,16.0,0.0,0.05,0.0,0.8392893916936928,0.38940426194370603,0.0,0.0,0.15876381562668523,0.10916356726083733,0.0644829127606602,0.034602786180116564,2.3959151942057337,1.834345404590094,5.0,0.0,1.0,0.0,10.469961643176614,1.821283956674315,0.95,0.0,12.3125,0.704154339142587,nan,nan,nan,nan,0.001,0.0,8.0,0.0,4.0,0.0,2.0,0.0,5.923531646436969,1.230028587421021,11.3125,4.094203219186854,0.9591177468107026,0.004024279392246663,0.9102704256419781,0.04586964455954464,0.29207873240065196,0.06866023351542541,0.35195924228043773,0.0570300913834553,21.5543482739544,13.3038152035562
L2,2.0,16,16.0,0.0,0.05,0.0,0.0,0.0,0.0,0.0,0.0,0.0,0.0,0.0,0.0,0.0,5.0,0.0,2.0,0.0,13.320767104960776,3.823120143642029,0.95,0.0,13.4375,1.459166428707386,nan,nan,nan,nan,0.001,0.0,8.0,0.0,4.0,0.0,2.0,0.0,8.65872093850916,3.124694775745218,0.0,0.0,0.9643348326895721,0.008175947973793656,0.912760225832193,0.039320485525463134,0.2865335660289994,0.07403271137552894,0.34238340505327836,0.05343702689596184,77.69915811972521,67.38699663601079
L4,0.0,16,5.3125,1.0144785195688801,0.05,0.0,0.6252309627665696,0.08517984777583293,0.0,0.0,0.41812372475145354,0.07979307605630416,0.2712948848257806,0.06926121030115157,2.162354300158732,0.27143486936860106,5.0,0.0,0.0,0.0,3.330106869123676,0.3611356181652395,0.95,0.0,4.75,0.4472135954999579,nan,nan,nan,nan,0.001,0.0,8.0,0.0,4.0,0.0,4.0,0.0,2.6817648422838554,0.405843230291642,5.0,0.0,0.9907650262833374,0.016629797748766138,0.9999962161259652,3.388673768475739e-06,0.0017760181676937195,0.0008195175834701338,0.049322023287383256,0.08520443935225515,2170.5796698902545,1066.8881389189633
L4,1.0,16,16.0,0.0,0.05,0.0,0.2714876710242912,0.12947957167386956,0.0,0.0,0.025502597836572015,0.009605170704497745,0.2386763827259507,0.11198956354289347,0.274795593824647,0.13821147190080235,5.0,0.0,1.0,0.0,5.405785011594361,1.808619837204911,0.95,0.0,10.6875,1.9568256607747831,nan,nan,nan,nan,0.001,0.0,8.0,0.0,4.0,0.0,4.0,0.0,2.7633202859738537,0.8691715110526779,1.0625,0.25,0.9564559744815967,0.003862231149972332,0.860210485439352,0.07455921323457777,0.36265257753460123,0.09393684441869857,0.4134913241984944,0.08129535598911679,7.084942835154114,1.7646079534943477
L4,2.0,16,16.0,0.0,0.05,0.0,0.019923759598681492,0.02009590197560252,0.0,0.0,0.003803532564829785,0.001518754943874727,0.008206545973197109,0.022646400475677248,0.008206545973197109,0.022646400475677248,5.0,0.0,2.0,0.0,14.142337313483026,2.077002495456193,0.95,0.0,13.625,0.6191391873668903,nan,nan,nan,nan,0.001,0.0,8.0,0.0,4.0,0.0,4.0,0.0,8.717947297559757,2.198026452603821,0.125,0.3415650255319866,0.9593446375814461,0.005726512721717962,0.7879092075168652,0.05719841463118403,0.4569784233678179,0.058982601361049866,0.4915770143164448,0.05207854518322929,5.250682356200854,0.7883754389410461
L4,3.0,16,16.0,0.0,0.05,0.0,0.0058125719665390214,0.00253811420479481,0.0,0.0,0.002090352440554941,0.00036781534590668737,0.0,0.0,0.0,0.0,5.0,0.0,3.0,0.0,18.493697759012257,1.6288721095587766,0.95,0.0,14.625,0.6191391873668903,nan,nan,nan,nan,0.001,0.0,8.0,0.0,4.0,0.0,4.0,0.0,12.851750338886,2.209389517740891,0.0,0.0,0.963828587514346,0.012449198585731309,0.6553348906763943,0.07084629195454614,0.5843584529614093,0.058335194875864325,0.6049665910240775,0.053243972792474295,6.605100725575898,0.8805315526899784
L4,4.0,16,16.0,0.0,0.05,0.0,0.0,0.0,0.0,0.0,0.0,0.0,0.0,0.0,0.0,0.0,5.0,0.0,4.0,0.0,11.547713072311925,3.925049473574713,0.95,0.0,11.875,2.217355782608345,nan,nan,nan,nan,0.001,0.0,8.0,0.0,4.0,0.0,4.0,0.0,6.787737219912376,2.672894541836463,0.0,0.0,0.9574548543635005,0.0077384872761956216,0.8579974049449668,0.09753618468731179,0.35284436700080524,0.13663946811304178,0.40990921781946055,0.10792640591215075,16.40259986673718,10.62304547620498
L6,0.0,16,6.9375,3.5864327680858596,0.05,0.0,0.9117190681980827,0.5938479198413779,0.0,0.0,0.490904517061191,0.22282687014944325,0.34059137874924084,0.08465238194337424,2.8114180344372874,0.72766415823874,5.0,0.0,0.0,0.0,3.6980239816370166,0.41957186180196415,0.95,0.0,4.9375,0.25,nan,nan,nan,nan,0.001,0.0,8.0,0.0,4.0,0.0,6.0,0.0,3.174432526380713,0.48893960017158467,5.0,0.0,0.9970298459273746,0.011877293647459524,0.999995293359532,6.053805166938241e-06,0.0018287843000485745,0.001205404917643188,0.01550277732654742,0.05400763014900826,2655.7619157582967,1338.6734921039558
L6,1.0,16,16.0,0.0,0.05,0.0,3.8633224484020365,10.290281222397315,0.0,0.0,0.24513658364274463,0.6432663422443041,3.8633224484020365,10.290281222397315,3.8633224484020365,10.290281222397315,5.0,0.0,1.0,0.0,4.806662945737581,2.321542873259066,0.95,0.0,9.75,3.4351128074635335,nan,nan,nan,nan,0.001,0.0,8.0,0.0,4.0,0.0,6.0,0.0,2.5262986627731547,1.2091808044868868,1.0,0.0,0.955564873662589,0.005862410367314323,0.8528094986471306,0.09723255742356064,0.36374217963563116,0.12599313465641931,0.4190700994674527,0.10234688310568531,7.87227759860175,3.028638687721893
L6,2.0,16,16.0,0.0,0.05,0.0,0.14304739295511862,0.5454276636224785,0.0,0.0,0.011103292220794824,0.036778650182796586,0.13677237827077027,0.5470895130830811,0.13677237827077027,0.5470895130830811,5.0,0.0,2.0,0.0,13.705379499846487,2.1674728702577717,0.95,0.0,14.0,1.5491933384829668,nan,nan,nan,nan,0.001,0.0,8.0,0.0,4.0,0.0,6.0,0.0,8.910298514898928,2.097282206113357,0.0625,0.25,0.9649290053863211,0.013173185778262432,0.7192670855383108,0.10410686572064698,0.5200374918362547,0.10478636830575458,0.5470863564684085,0.08924726044521084,4.603790033986667,1.5382579369002065
L6,3.0,16,16.0,0.0,0.05,0.0,0.005324083263424638,0.00570201907835378,0.0,0.0,0.0017146685542068225,0.0018559716630627166,0.0,0.0,0.0,0.0,5.0,0.0,3.0,0.0,14.673566498063149,1.8898480892139071,0.95,0.0,14.125,1.2041594578792296,nan,nan,nan,nan,0.001,0.0,8.0,0.0,4.0,0.0,6.0,0.0,9.53433096562345,2.1967578334173576,0.0,0.0,0.9648904435963213,0.01224942012062889,0.7062553160119609,0.09761844330549271,0.5342551192961493,0.09418365884495415,0.5597199921953204,0.08030703771641223,4.265746102471741,1.0494477952487964
L6,4.0,16,16.0,0.0,0.05,0.0,0.0034857188046265902,0.0034980930024699325,0.0,0.0,0.0012231141273589348,0.0008369705615156507,0.0,0.0,0.0,0.0,5.0,0.0,4.0,0.0,15.00817182226317,2.0412613155612536,0.95,0.0,14.25,0.9309493362512627,nan,nan,nan,nan,0.001,0.0,8.0,0.0,4.0,0.0,6.0,0.0,9.814956841511691,2.371740445887686,0.0,0.0,0.9639055684236689,0.008796523429852654,0.7005885962897962,0.09696805517753636,0.5400333110068511,0.09107023934299742,0.564605939880785,0.08165324393316949,4.150178988379844,0.9296994848571078
L6,5.0,16,16.0,0.0,0.05,0.0,0.0017959802199860766,0.0015150571636147639,0.0,0.0,0.0006408234109268798,0.000389030921279736,0.0,0.0,0.0,0.0,5.0,0.0,5.0,0.0,17.189979500058364,1.9057277892781177,0.95,0.0,15.4375,0.6291528696058958,nan,nan,nan,nan,0.001,0.0,8.0,0.0,4.0,0.0,6.0,0.0,13.181896992469357,2.1956402124995593,0.0,0.0,0.9807847214024847,0.020265681913506424,0.5238176733826256,0.09358369125041494,0.6861765867112757,0.07550024082334034,0.6939607034753874,0.07096326927969371,5.998974086944951,0.9011084331259973
L6,6.0,16,16.0,0.0,0.05,0.0,0.0,0.0,0.0,0.0,0.0,0.0,0.0,0.0,0.0,0.0,5.0,0.0,6.0,0.0,17.30459797508424,1.9220470009374573,0.95,0.0,15.4375,0.6291528696058958,nan,nan,nan,nan,0.001,0.0,8.0,0.0,4.0,0.0,6.0,0.0,13.268381867465347,2.2000033106043766,0.0,0.0,0.9798063635067953,0.0213526393575155,0.5231080984271302,0.09356336334357551,0.6867150722978177,0.07529009533331525,0.6948729685364452,0.07079787579743765,5.971132170959121,0.8899522392150815
L8,0.0,16,6.875,3.4034296427770228,0.05,0.0,192.94280502466225,314.80714713106477,0.0,0.0,45.52815361025144,64.39765437633893,1.4206473943615796,2.1233167385343963,230.64465448024876,319.88018958448873,5.0,0.0,0.0,0.0,3.5467987376306116,0.4502155574740135,0.95,0.0,4.4375,0.51234753829798,nan,nan,nan,nan,0.001,0.0,8.0,0.0,4.0,0.0,8.0,0.0,2.978755602335756,0.5310638017373955,5.0,0.0,0.9787762386583305,0.020512028656909955,0.9999947410647115,7.353476297615112e-06,0.0018762836418106717,0.001361761597901725,0.10926916169760835,0.0995411498221486,2939.2803857398503,1754.849039631634
L8,1.0,16,16.0,0.0,0.05,0.0,4.124372764711838,15.13805102395412,0.0,0.0,0.2597440103960276,0.9461888647312585,4.124372764711838,15.13805102395412,4.124372764711838,15.13805102395412,5.0,0.0,1.0,0.0,4.388279012473082,1.9492465005405095,0.95,0.0,9.5625,3.79418414594407,nan,nan,nan,nan,0.001,0.0,8.0,0.0,4.0,0.0,8.0,0.0,2.2772828537884626,0.9925941584710904,1.0,0.0,0.9580943352324476,0.005729005498443992,0.8638957133537729,0.10609009316579793,0.34521708904874193,0.13438034806689067,0.40000846514555094,0.11398523587260172,8.166176629416398,2.984101395333306
L8,2.0,16,16.0,0.0,0.05,0.0,0.004140217412492285,0.001770754552559191,0.0,0.0,0.0015496782061500689,0.0005055507058398716,0.0,0.0,0.0,0.0,5.0,0.0,2.0,0.0,13.749506491114023,1.5475559791427087,0.95,0.0,14.1875,1.0468205831628137,nan,nan,nan,nan,0.001,0.0,8.0,0.0,4.0,0.0,8.0,0.0,9.265107629364042,1.8964361379170676,0.0,0.0,0.9651023441098776,0.012337550381572254,0.7014414537953085,0.11941229387514984,0.536216665246757,0.10846927241096975,0.561586912920484,0.09574179531063254,4.431668282151635,1.0332465737058818
L8,3.0,16,16.0,0.0,0.05,0.0,0.0033807216366755974,0.002094931148981297,0.0,0.0,0.001148785290785361,0.0004429869765139159,0.0,0.0,0.0,0.0,5.0,0.0,3.0,0.0,14.733296353702613,1.8412038559118347,0.95,0.0,14.375,1.1474609652039003,nan,nan,nan,nan,0.001,0.0,8.0,0.0,4.0,0.0,8.0,0.0,9.908340919440473,2.2747905355142906,0.0,0.0,0.9668828131255168,0.014995188626696595,0.7055066772102827,0.11336654126550601,0.5332884907728426,0.10377775432207986,0.5572907808132431,0.09195240861973317,4.201268203127222,0.9872095493071137
L8,4.0,16,16.0,0.0,0.05,0.0,0.0022664168803158318,0.0007956981886922017,0.0,0.0,0.0008935378877167888,0.0002554701086171639,0.0,0.0,0.0,0.0,5.0,0.0,4.0,0.0,15.005479006510194,1.8969166134862723,0.95,0.0,14.3125,1.3022416570411703,nan,nan,nan,nan,0.001,0.0,8.0,0.0,4.0,0.0,8.0,0.0,10.070980501589318,2.345887961813938,0.0,0.0,0.9696486633160948,0.0167605163891105,0.7001209776458199,0.11531800796355893,0.5379729681722865,0.10564901826967729,0.5604899500873658,0.09240648652288203,4.127366957998106,0.9671952256061868
L8,5.0,16,16.0,0.0,0.05,0.0,0.0019020858950442453,0.0008129230233805173,0.0,0.0,0.0007911255925684164,0.0002245918729579339,0.0,0.0,0.0,0.0,5.0,0.0,5.0,0.0,15.696132645017551,1.8429828248179754,0.95,0.0,14.4375,1.0307764064044151,nan,nan,nan,nan,0.001,0.0,8.0,0.0,4.0,0.0,8.0,0.0,10.831568664161487,2.4230161869677933,0.0,0.0,0.9663581843877433,0.01462125608501398,0.6648096492605575,0.11410984067035866,0.5707139510463599,0.10053688846287344,0.5921840097844048,0.09023914407850331,4.266905788948764,0.9084786753591786
L8,6.0,16,16.0,0.0,0.05,0.0,0.0031527068246932992,0.0017881234658392263,0.0,0.0,0.0009265882681011746,0.00022379464699398712,0.0,0.0,0.0,0.0,5.0,0.0,6.0,0.0,16.39413047205756,1.5831109799796823,0.95,0.0,14.75,0.9309493362512627,nan,nan,nan,nan,0.001,0.0,8.0,0.0,4.0,0.0,8.0,0.0,11.819379487856418,2.249902289663477,0.0,0.0,0.9682462803778424,0.017505712104640386,0.6217735213922236,0.11215023342975879,0.6082526242248527,0.09383800925028228,0.6263853496202224,0.08367214878712999,4.502179603574142,0.8359491834669204
L8,7.0,16,16.0,0.0,0.05,0.0,0.0007344056925373558,0.00033770764183775327,0.0,0.0,0.00025946969545343054,9.564049625931623e-05,0.0,0.0,0.0,0.0,5.0,0.0,7.0,0.0,17.02293483488403,1.1924899997655571,0.95,0.0,15.3125,0.6020797289396148,nan,nan,nan,nan,0.001,0.0,8.0,0.0,4.0,0.0,8.0,0.0,13.22955085068692,1.3110682721533704,0.0,0.0,0.976902923077338,0.020041866966275922,0.5298413738760346,0.09251065417014695,0.6823675875252815,0.06953638179722157,0.6923336319983209,0.06357955776553467,5.491427125246358,0.6524998639942953
L8,8.0,16,16.0,0.0,0.05,0.0,0.0,0.0,0.0,0.0,0.0,0.0,0.0,0.0,0.0,0.0,5.0,0.0,8.0,0.0,17.02524721841534,1.1619216537425756,0.95,0.0,15.1875,0.6551081335677849,nan,nan,nan,nan,0.001,0.0,8.0,0.0,4.0,0.0,8.0,0.0,13.236173217838896,1.256429413969904,0.0,0.0,0.9719441552337135,0.020471064452219186,0.5281453554923801,0.09152885320417563,0.683695638520094,0.06862394821002832,0.695402229259702,0.06258020105692912,5.509655177454826,0.6438649531482816
